id,uuid,observed_on_string,observed_on,time_observed_at,time_zone,user_id,user_login,user_name,created_at,updated_at,quality_grade,license,url,image_url,sound_url,tag_list,description,num_identification_agreements,num_identification_disagreements,captive_cultivated,oauth_application_id,place_guess,latitude,longitude,positional_accuracy,private_place_guess,private_latitude,private_longitude,public_positional_accuracy,geoprivacy,taxon_geoprivacy,coordinates_obscured,positioning_method,positioning_device,species_guess,scientific_name,common_name,iconic_taxon_name,taxon_id,field:name of associated plant,field:pollination interaction
209460726,d764ee64-ba71-42ad-8a8c-b0bf90d8e5c6,2024-04-26 09:59:53,2024-04-26,2024-04-26 08:59:53 UTC,London,5751993,sivi12,Sivi Sivanesan,2024-04-26 09:05:16 UTC,2026-02-03 15:44:00 UTC,research,CC-BY,https://www.inaturalist.org/observations/209460726,https://inaturalist-open-data.s3.amazonaws.com/photos/370666391/medium.jpeg,,"",In the grassland at the back of the campus,1,0,false,2,"Kingston upon Thames KT1 2QJ, UK",51.4050128,-0.3006317,,,,,,,,false,gps,gps,Gooden's Nomad Bee,Nomada goodeniana,Gooden's Nomad Bee,Insecta,127759,,No
209462903,672d94c3-da3a-4a96-ab7d-1c1123411a0b,2024-04-26 10:10:57,2024-04-26,2024-04-26 09:10:57 UTC,London,8047710,joaquim89134,Joaquim Freitas,2024-04-26 09:13:27 UTC,2026-02-02 10:52:51 UTC,research,,https://www.inaturalist.org/observations/209462903,https://static.inaturalist.org/photos/370669490/medium.jpeg,,"",,1,0,false,2,"London EC2P, UK",51.5163976713,-0.093030789,8,,,,8,,,false,,,Hairy-footed Flower Bee,Anthophora plumipes,Hairy-footed Flower Bee,Insecta,124542,,No
209466542,85c31516-5d35-427c-b050-bcd8084db8ca,2024-04-26 10:27:29+01:00,2024-04-26,2024-04-26 09:27:29 UTC,London,8047747,jack1603,,2024-04-26 09:27:39 UTC,2026-02-02 10:52:41 UTC,research,CC-BY-NC,https://www.inaturalist.org/observations/209466542,https://inaturalist-open-data.s3.amazonaws.com/photos/370674918/medium.jpg,,"","",1,0,false,3,"Love Lane, London, England, GB",51.5164284947,-0.093184583,14,,,,14,,,false,,,Hairy-footed Flower Bee,Anthophora plumipes,Hairy-footed Flower Bee,Insecta,124542,,No
209466604,4a4038c7-3cf3-46f0-ad4a-e20acff3f22a,2024-04-26 10:27:42+01:00,2024-04-26,2024-04-26 09:27:42 UTC,London,5608002,yaspat,,2024-04-26 09:27:54 UTC,2026-02-02 10:52:28 UTC,research,CC-BY-NC,https://www.inaturalist.org/observations/209466604,https://inaturalist-open-data.s3.amazonaws.com/photos/370688764/medium.jpg,,"","",2,0,false,3,"Aldermanbury, London, England, GB",51.5163616484,-0.09297025,35,,,,35,,,false,,,Hairy-footed Flower Bee,Anthophora plumipes,Hairy-footed Flower Bee,Insecta,124542,,No
209467200,f86807d1-6cb9-435a-93de-7fb0d74bbc2c,2024-04-26 10:26:52+01:00,2024-04-26,2024-04-26 09:26:52 UTC,London,8031875,orsicsiga,,2024-04-26 09:30:15 UTC,2026-02-02 10:52:07 UTC,research,CC-BY-NC,https://www.inaturalist.org/observations/209467200,https://inaturalist-open-data.s3.amazonaws.com/photos/370675964/medium.jpg,,"","",1,0,false,3,"Love Lane, London, England, GB",51.5164254542,-0.0930330643,22,,,,22,,,false,,,Hairy-footed Flower Bee,Anthophora plumipes,Hairy-footed Flower Bee,Insecta,124542,,No
209468560,cf15cf60-3f3a-4579-b2ad-30c155bc436a,2024-04-26 10:33:18+01:00,2024-04-26,2024-04-26 09:33:18 UTC,London,3959019,grazynamr,,2024-04-26 09:35:58 UTC,2026-02-13 14:42:38 UTC,research,CC-BY-NC,https://www.inaturalist.org/observations/209468560,https://inaturalist-open-data.s3.amazonaws.com/photos/370677990/medium.jpg,,"","",1,0,false,3,"Barking and Dagenham, Barking, England, GB",51.5155916667,0.098475,4,,,,4,,,false,,,Common Carder Bumble Bee,Bombus pascuorum,Common Carder Bee,Insecta,55637,Lamium album,Yes
209471250,9ff0524a-0994-4531-8672-ef18237d9af5,2024-04-26 10:37:31+01:00,2024-04-26,2024-04-26 09:37:31 UTC,London,8031875,orsicsiga,,2024-04-26 09:47:47 UTC,2026-02-15 19:45:05 UTC,research,CC-BY-NC,https://www.inaturalist.org/observations/209471250,https://inaturalist-open-data.s3.amazonaws.com/photos/370682350/medium.jpg,,"","",1,0,false,3,"Aldermanbury, London, England, GB",51.5163899924,-0.0929282906,30,,,,30,,,false,,,Western Honey Bee,Apis mellifera,Western Honey Bee,Insecta,47219,Camassia,Yes
209478240,f1924f37-dd7b-4cc3-9f72-d5dce3b2c74f,2024-04-26 11:13:15+01:00,2024-04-26,2024-04-26 10:13:15 UTC,London,8047715,charlotte_o_farrell,Charlotte O'Farrell,2024-04-26 10:14:06 UTC,2026-02-02 10:51:54 UTC,research,,https://www.inaturalist.org/observations/209478240,https://static.inaturalist.org/photos/370692995/medium.jpg,,"","",1,0,false,3,"Alder Castle House, London, England, GB",51.51668,-0.0960888333,31,,,,31,,,false,,,Hairy-footed Flower Bee,Anthophora plumipes,Hairy-footed Flower Bee,Insecta,124542,,No
209478426,642eee46-b008-470c-9500-5bb3a51199b6,2024-04-26 11:14:17+01:00,2024-04-26,2024-04-26 10:14:17 UTC,London,8043871,lulu0108,,2024-04-26 10:14:41 UTC,2026-02-02 10:51:47 UTC,research,CC-BY-NC,https://www.inaturalist.org/observations/209478426,https://inaturalist-open-data.s3.amazonaws.com/photos/370693235/medium.jpg,,"","",1,0,false,3,"Shelley House, London, England, GB",51.5167972819,-0.0957132876,16,,,,16,,,false,,,Hairy-footed Flower Bee,Anthophora plumipes,Hairy-footed Flower Bee,Insecta,124542,,No
209478445,e2c50911-af57-48bb-8002-9c2821aba448,2024-04-26 11:14:32+01:00,2024-04-26,2024-04-26 10:14:32 UTC,London,8047724,johncph,,2024-04-26 10:14:47 UTC,2026-02-02 10:51:38 UTC,research,CC-BY-NC,https://www.inaturalist.org/observations/209478445,https://inaturalist-open-data.s3.amazonaws.com/photos/370693287/medium.jpg,,"","",1,0,false,3,"Alder Castle House, London, England, GB",51.5167326574,-0.095652435,22,,,,22,,,false,,,Hairy-footed Flower Bee,Anthophora plumipes,Hairy-footed Flower Bee,Insecta,124542,,No
209478646,781d86c8-f319-4a58-8e83-fe66c16ec8fc,2024-04-26 11:13:26+01:00,2024-04-26,2024-04-26 10:13:26 UTC,London,8047597,ellabrowncol,,2024-04-26 10:15:31 UTC,2026-02-02 10:51:31 UTC,research,CC0,https://www.inaturalist.org/observations/209478646,https://inaturalist-open-data.s3.amazonaws.com/photos/370693611/medium.jpg,,"",Female hairy footed flower bee,1,0,false,3,"Gresham St, London, England, GB",51.5166666667,-0.0956,24,,,,24,,,false,,,Hairy-footed Flower Bee,Anthophora plumipes,Hairy-footed Flower Bee,Insecta,124542,,No
209478938,c5ec495e-8544-4c2d-9478-3d3486d79827,2024-04-26 11:15:38,2024-04-26,2024-04-26 10:15:38 UTC,London,8047710,joaquim89134,Joaquim Freitas,2024-04-26 10:16:26 UTC,2026-02-02 10:51:20 UTC,research,,https://www.inaturalist.org/observations/209478938,https://static.inaturalist.org/photos/370693999/medium.jpeg,,"",Female,1,0,false,2,"London EC1A, UK",51.5169277778,-0.0960666667,,,,,,,,false,gps,gps,Hairy-footed Flower Bee,Anthophora plumipes,Hairy-footed Flower Bee,Insecta,124542,,No
209480002,93ae5f84-982e-4bd9-8395-45ec81c1eb58,2024-04-26 11:18:41,2024-04-26,2024-04-26 10:18:41 UTC,London,8039677,samantha24800,Samantha Brewer-Boyes,2024-04-26 10:20:11 UTC,2026-02-13 14:45:04 UTC,research,,https://www.inaturalist.org/observations/209480002,https://static.inaturalist.org/photos/370695350/medium.jpeg,,"",,1,0,false,2,"Highbury East, London, UK",51.55087,-0.0996366667,8,,,,8,,,false,,,Gooden's Nomad Bee,Nomada goodeniana,Gooden's Nomad Bee,Insecta,127759,Choisya,Yes
209483524,ee66d240-14c5-455a-b580-e99406644e63,2024-04-26 10:36:11+01:00,2024-04-26,2024-04-26 09:36:11 UTC,London,5889881,stargazerben,,2024-04-26 10:33:28 UTC,2026-02-15 19:44:53 UTC,research,CC-BY-NC,https://www.inaturalist.org/observations/209483524,https://inaturalist-open-data.s3.amazonaws.com/photos/370700658/medium.jpg,,"","",1,0,false,3,"Love Lane, London, England, GB",51.5164006873,-0.0931789973,22,,,,22,,,false,,,Western Honey Bee,Apis mellifera,Western Honey Bee,Insecta,47219,,Yes
209483711,b3fcc8ec-e979-4cf2-bf78-62da52297341,2024-04-26 11:32:52,2024-04-26,2024-04-26 10:32:52 UTC,London,8047601,smurphycol,,2024-04-26 10:34:14 UTC,2026-02-13 14:35:45 UTC,research,CC-BY-NC,https://www.inaturalist.org/observations/209483711,https://inaturalist-open-data.s3.amazonaws.com/photos/370700954/medium.jpeg,,"",,1,0,false,2,"London Wall (Stop BE), Barbican, London EC2Y 5BL, UK",51.5178183,-0.0952429997,,,,,,,,false,gps,gps,Hairy-footed Flower Bee,Anthophora plumipes,Hairy-footed Flower Bee,Insecta,124542,Symphytum,Yes
209502043,b7d80833-b87b-4641-9eab-54d8ef03e06e,2024-04-26 12:31:48+01:00,2024-04-26,2024-04-26 11:31:48 UTC,London,7879384,uxbridgebirder,,2024-04-26 11:37:28 UTC,2026-02-13 14:49:37 UTC,research,CC-BY,https://www.inaturalist.org/observations/209502043,https://inaturalist-open-data.s3.amazonaws.com/photos/370729744/medium.jpg,,"",Aha now that’s definitely a Red-Tailed! ,1,0,false,3,"Angle Close, Uxbridge, England, GB",51.5410383564,-0.4556587894,23,,,,23,,,false,,,Red-tailed Bumble Bee,Bombus lapidarius,Red-tailed Bumble Bee,Insecta,57619,Rubus,Yes
209503230,5bd158b8-2154-4b92-b761-4d2e2172b73f,2024-04-26 12:26:11+01:00,2024-04-26,2024-04-26 11:26:11 UTC,London,7879384,uxbridgebirder,,2024-04-26 11:41:15 UTC,2026-02-13 14:48:32 UTC,research,CC-BY,https://www.inaturalist.org/observations/209503230,https://inaturalist-open-data.s3.amazonaws.com/photos/370731489/medium.jpg,,"",I’m hoping I’m getting better at this. Looks like Ashy-Mining Bee to me! ,2,0,false,3,"Angle Close, Uxbridge, England, GB",51.541273273,-0.4565632274,23,,,,23,,,false,,,Ashy Mining Bee,Andrena cineraria,Ashy Mining Bee,Insecta,70400,Genisteae,Yes
209503378,bb504500-828b-4686-a2a0-51faa74ef040,Fri Apr 26 2024 11:04:29 GMT +0100 (GMT),2024-04-26,2024-04-26 10:04:29 UTC,London,6131313,mulchappreciated,jack,2024-04-26 11:41:51 UTC,2026-01-31 17:41:43 UTC,research,CC-BY-NC,https://www.inaturalist.org/observations/209503378,https://inaturalist-open-data.s3.amazonaws.com/photos/370731820/medium.jpeg,,"",,2,0,false,333,London,51.5091552734,-0.1257792413,96,,,,96,,,false,,,Western Honey Bee,Apis mellifera,Western Honey Bee,Insecta,47219,,No
209503514,250637ec-fe56-41df-b400-bc2f866b1a31,Fri Apr 26 2024 12:41:36 GMT +0100 (GMT),2024-04-26,2024-04-26 11:41:36 UTC,London,6131313,mulchappreciated,jack,2024-04-26 11:42:23 UTC,2026-02-13 14:34:26 UTC,research,CC-BY-NC,https://www.inaturalist.org/observations/209503514,https://inaturalist-open-data.s3.amazonaws.com/photos/370866053/medium.jpeg,,"",,2,0,false,333,"Westminster, England, GB",51.5090103149,-0.1258582622,96,,,,96,,,false,,,Hairy-footed Flower Bee,Anthophora plumipes,Hairy-footed Flower Bee,Insecta,124542,Salvia rosmarinus,Yes
209510306,ee010148-3797-42fd-8c26-d9b41c84eee5,2024-04-26 12:59:36,2024-04-26,2024-04-26 11:59:36 UTC,London,1149451,mickmassie,Mick Massie,2024-04-26 12:05:00 UTC,2026-02-02 21:37:45 UTC,research,CC-BY,https://www.inaturalist.org/observations/209510306,https://inaturalist-open-data.s3.amazonaws.com/photos/370743321/medium.jpeg,,"",,1,0,false,2,"Isleworth TW7 5PP, UK",51.4893691969,-0.3469739109,7,,,,7,,,false,gps,gps,Red Mason Bee,Osmia bicornis,Red Mason Bee,Insecta,876599,,No
209510809,82878ebc-567a-44a1-b6a2-d4a970760b42,2024-04-26 13:05:36+01:00,2024-04-26,2024-04-26 12:05:36 UTC,London,5572020,empressmoth,,2024-04-26 12:06:38 UTC,2026-02-13 14:46:59 UTC,research,CC0,https://www.inaturalist.org/observations/209510809,https://inaturalist-open-data.s3.amazonaws.com/photos/370744162/medium.jpg,,"","",1,0,false,3,"Sheen Gate Gardens, London, England, GB",51.4639934293,-0.2675956953,5,,,,5,,,false,,,Red Mason Bee,Osmia bicornis,Red Mason Bee,Insecta,876599,Myosotis,Yes
209522675,91a99d16-4647-4fbc-b97a-2b2699168075,Fri Apr 26 2024 13:40:25 GMT +0100 (GMT),2024-04-26,2024-04-26 12:40:25 UTC,London,8031776,geeg_,,2024-04-26 12:40:35 UTC,2026-02-12 11:38:05 UTC,research,CC-BY-NC,https://www.inaturalist.org/observations/209522675,https://inaturalist-open-data.s3.amazonaws.com/photos/370763485/medium.jpeg,,"",,1,0,false,333,London,51.5404968262,-0.2105916291,36,,,,36,,,false,,,Western Honey Bee,Apis mellifera,Western Honey Bee,Insecta,47219,Pentaglottis sempervirens,Yes
209525311,b4066104-b0c0-4743-8d93-7621c13c5e53,2024-04-26 13:47:17+01:00,2024-04-26,2024-04-26 12:47:17 UTC,London,8031776,geeg_,,2024-04-26 12:47:28 UTC,2026-02-12 11:37:32 UTC,research,CC-BY-NC,https://www.inaturalist.org/observations/209525311,https://inaturalist-open-data.s3.amazonaws.com/photos/370767667/medium.jpg,,"","",1,0,false,3,"Chevening Road, London, England, GB",51.5403021495,-0.2107653225,13,,,,13,,,false,,,Western Honey Bee,Apis mellifera,Western Honey Bee,Insecta,47219,Pentaglottis sempervirens,Yes
209528534,cc2a0acc-5946-4036-9d84-712d67ff66fd,2024-04-26 13:35:54+01:00,2024-04-26,2024-04-26 12:35:54 UTC,London,5128209,a13x_6674,Alexandre,2024-04-26 12:56:19 UTC,2026-02-12 11:37:03 UTC,research,CC-BY-NC,https://www.inaturalist.org/observations/209528534,https://inaturalist-open-data.s3.amazonaws.com/photos/370772675/medium.jpg,,"","",2,0,false,3,"England, GB",51.2890274753,-0.5706271831,5,,,,26229,obscured,,true,,,Western Honey Bee,Apis mellifera,Western Honey Bee,Insecta,47219,Pentaglottis sempervirens,Yes
209531308,95824995-7f0f-4a4a-943b-68a428dd4982,2024-04-26 14:03:33+01:00,2024-04-26,2024-04-26 13:03:33 UTC,London,8025730,amyfaye03,,2024-04-26 13:03:52 UTC,2026-02-17 10:18:32 UTC,research,CC-BY-NC,https://www.inaturalist.org/observations/209531308,https://inaturalist-open-data.s3.amazonaws.com/photos/370777027/medium.jpg,,"","",2,0,false,3,"Paul's Nursery Road, Loughton, England, GB",51.663681753,0.0413599145,8,,,,8,,,false,,,Hairy-footed Flower Bee,Anthophora plumipes,Hairy-footed Flower Bee,Insecta,124542,,
209542545,1b9cb255-b793-429d-9d10-dca34d0b71cf,2024-04-26 14:21:48,2024-04-26,2024-04-26 13:21:48 UTC,London,7954145,ericaluke,,2024-04-26 13:28:58 UTC,2026-02-13 14:34:16 UTC,research,CC-BY-NC,https://www.inaturalist.org/observations/209542545,https://inaturalist-open-data.s3.amazonaws.com/photos/370793012/medium.jpeg,,"",,2,0,false,2,"White City, London, UK",51.5120783333,-0.2357983333,6,,,,6,,,false,,,Hairy-footed Flower Bee,Anthophora plumipes,Hairy-footed Flower Bee,Insecta,124542,Brassica,Yes
209592724,026b915c-2963-4bb3-b07e-467112ab51df,Fri Apr 26 2024 15:53:57 GMT +0100 (GMT),2024-04-26,2024-04-26 14:53:57 UTC,London,6131313,mulchappreciated,jack,2024-04-26 14:55:56 UTC,2026-02-06 17:30:24 UTC,research,CC-BY-NC,https://www.inaturalist.org/observations/209592724,https://inaturalist-open-data.s3.amazonaws.com/photos/373854878/medium.jpeg,,"",,3,0,false,333,London,51.5090560913,-0.1251391321,100,,,,100,,,false,,,Common Mourning Bee,Melecta albifrons,Common Mourning Bee,Insecta,461052,,Yes
209616067,a239054b-91d7-4760-a344-9764ef462ec5,2024-04-26 13:12:31+01:00,2024-04-26,2024-04-26 12:12:31 UTC,London,6578425,abigail_lowe,Abigail Lowe,2024-04-26 15:36:50 UTC,2026-02-15 19:44:16 UTC,research,CC0,https://www.inaturalist.org/observations/209616067,https://inaturalist-open-data.s3.amazonaws.com/photos/370902513/medium.jpg,,"","",1,0,false,3,"Home Park Road, London, England, GB",51.4352083333,-0.20182,4,,,,4,,,false,,,Apis mellifera,Apis mellifera,Western Honey Bee,Insecta,47219,Ericaceae,Yes
209619158,033f9674-2e33-4a93-a48d-1ce81e23b1aa,2024-04-26 13:29:26+01:00,2024-04-26,2024-04-26 12:29:26 UTC,London,3890850,rosestephens,"",2024-04-26 15:42:15 UTC,2026-02-13 14:43:53 UTC,research,CC-BY-NC,https://www.inaturalist.org/observations/209619158,https://inaturalist-open-data.s3.amazonaws.com/photos/370906808/medium.jpg,,"","",1,0,false,3,"Wanstead Flats, London, England, GB",51.5581783333,0.0333695,1,,,,1,,,false,,,Gooden's Nomad Bee,Nomada goodeniana,Gooden's Nomad Bee,Insecta,127759,Malus,Yes
209619538,b280657a-7396-415c-abd8-49e665075051,2024-04-26 14:33:43,2024-04-26,2024-04-26 13:33:43 UTC,London,5987114,beckyclover,"",2024-04-26 15:42:59 UTC,2026-02-03 16:45:40 UTC,research,CC0,https://www.inaturalist.org/observations/209619538,https://inaturalist-open-data.s3.amazonaws.com/photos/370907354/medium.jpeg,,"",,1,0,false,2,"White City, London, UK",51.5121163879,-0.2361859381,3,,,,3,,,false,gps,gps,Ashy Mining Bee,Andrena cineraria,Ashy Mining Bee,Insecta,70400,,No
209620106,33ad34ea-4141-4fba-9de4-ca4d41554704,2024-04-26 13:22:15+01:00,2024-04-26,2024-04-26 12:22:15 UTC,London,3890850,rosestephens,"",2024-04-26 15:44:07 UTC,2026-02-03 15:43:30 UTC,research,CC-BY-NC,https://www.inaturalist.org/observations/209620106,https://inaturalist-open-data.s3.amazonaws.com/photos/370908274/medium.jpg,,"","",1,0,false,3,"Wanstead Flats, London, England, GB",51.5581783333,0.0333695,1,,,,1,,,false,,,Gooden's Nomad Bee,Nomada goodeniana,Gooden's Nomad Bee,Insecta,127759,,Yes
209622650,97991e48-c68b-4d02-883b-0ada049eec2e,2024-04-26 13:13:57+01:00,2024-04-26,2024-04-26 12:13:57 UTC,London,3890850,rosestephens,"",2024-04-26 15:48:31 UTC,2026-02-02 18:22:12 UTC,research,CC-BY-NC,https://www.inaturalist.org/observations/209622650,https://inaturalist-open-data.s3.amazonaws.com/photos/370912034/medium.jpg,,"","",1,0,false,3,"Wanstead Flats, London, England, GB",51.5581783333,0.0333695,1,,,,1,,,false,,,Early Mining Bee,Andrena haemorrhoa,Early Mining Bee,Insecta,69202,,No
209625950,245fb15b-e588-441e-b4ac-5efefbf6d3f6,2024-04-26 12:36:32+01:00,2024-04-26,2024-04-26 11:36:32 UTC,London,3890850,rosestephens,"",2024-04-26 15:54:49 UTC,2026-02-13 14:51:44 UTC,research,CC-BY-NC,https://www.inaturalist.org/observations/209625950,https://inaturalist-open-data.s3.amazonaws.com/photos/370917094/medium.jpg,,"","",1,0,false,3,"Wanstead Flats, London, England, GB",51.5581783333,0.0333695,1,,,,1,,,false,,,Red-girdled Mining Bee,Andrena labiata,Red-girdled Mining Bee,Insecta,484515,Taraxacum,Yes
209631446,3e37461e-aea5-4b95-9cb7-fa36e0db6276,2024-04-26 15:09:51,2024-04-26,2024-04-26 14:09:51 UTC,London,5751993,sivi12,Sivi Sivanesan,2024-04-26 16:06:15 UTC,2026-02-13 14:43:40 UTC,research,CC-BY,https://www.inaturalist.org/observations/209631446,https://inaturalist-open-data.s3.amazonaws.com/photos/370926032/medium.jpeg,,"",,1,0,false,2,"Coombehurst House, Kingston Vale, Kingston upon Thames KT2 7LA, UK",51.4281638,-0.2677181,,,,,,,,false,gps,gps,Gooden's Nomad Bee,Nomada goodeniana,Gooden's Nomad Bee,Insecta,127759,Taraxacum,Yes
209635592,c5d0108d-91c2-4f95-876c-1b624e174205,2024-04-26 15:24:18,2024-04-26,2024-04-26 14:24:18 UTC,London,5751993,sivi12,Sivi Sivanesan,2024-04-26 16:13:54 UTC,2026-02-13 14:43:24 UTC,research,CC-BY,https://www.inaturalist.org/observations/209635592,https://inaturalist-open-data.s3.amazonaws.com/photos/370932320/medium.jpeg,,"",,1,0,false,2,"Coombehurst House, Kingston Vale, Kingston upon Thames KT2 7LA, UK",51.4283479997,-0.2676288,,,,,,,,false,gps,gps,Gooden's Nomad Bee,Nomada goodeniana,Gooden's Nomad Bee,Insecta,127759,Ranunculus,Yes
209756748,03c55f99-c138-49ae-aa16-30bc1b8123e4,2024/04/26 11:34 AM,2024-04-26,2024-04-26 10:34:00 UTC,London,3275949,victor0001,Victor Heng,2024-04-26 20:02:20 UTC,2026-01-31 17:37:38 UTC,research,CC0,https://www.inaturalist.org/observations/209756748,https://inaturalist-open-data.s3.amazonaws.com/photos/371103531/medium.jpg,,"",,1,0,false,,"St. James's, London, UK",51.504475,-0.1393638889,,,,,,,,false,,,Western Honey Bee,Apis mellifera,Western Honey Bee,Insecta,47219,,No
210027880,b4ffd7d8-587b-41a3-b8a7-72d98aeac454,2024-04-26 18:19:04+01:00,2024-04-26,2024-04-26 17:19:04 UTC,London,1653354,helenfsc,HelenFSC,2024-04-27 08:19:37 UTC,2026-02-12 11:33:07 UTC,research,CC-BY-NC,https://www.inaturalist.org/observations/210027880,https://inaturalist-open-data.s3.amazonaws.com/photos/371568915/medium.jpg,,"","",2,0,false,3,"The Summit, Loughton, England, GB",51.6599799327,0.0653170348,671,,,,671,,,false,,,Western Honey Bee,Apis mellifera,Western Honey Bee,Insecta,47219,Borago officinalis,Yes
210073146,1ba8bc8d-da56-4f82-a41f-c23926cfb4c1,2024/04/26 4:37 PM,2024-04-26,2024-04-26 15:37:00 UTC,London,6057935,dragonfyre,Dragonfyre,2024-04-27 10:56:46 UTC,2026-02-03 16:45:47 UTC,research,CC-BY-NC,https://www.inaturalist.org/observations/210073146,https://inaturalist-open-data.s3.amazonaws.com/photos/371621948/medium.jpeg,,"",,1,0,false,,"London, UK",51.5031880447,-0.1750563086,1,,,,1,,,false,,,Ashy Mining Bee,Andrena cineraria,Ashy Mining Bee,Insecta,70400,,No
210073186,0a7225c1-c919-446d-887d-36ee34568498,2024/04/26 4:44 PM,2024-04-26,2024-04-26 15:44:00 UTC,London,6057935,dragonfyre,Dragonfyre,2024-04-27 10:56:51 UTC,2026-02-13 14:32:22 UTC,research,CC-BY-NC,https://www.inaturalist.org/observations/210073186,https://inaturalist-open-data.s3.amazonaws.com/photos/371622181/medium.jpeg,,"",,2,0,false,,"London, UK",51.5058208067,-0.1735901632,1,,,,1,,,false,,,Hairy-footed Flower Bee,Anthophora plumipes,Hairy-footed Flower Bee,Insecta,124542,Pentaglottis sempervirens,Yes
210073230,ebd2e4ed-fce9-4e2f-afff-60c3fe861322,2024/04/26 5:10 PM,2024-04-26,2024-04-26 16:10:00 UTC,London,6057935,dragonfyre,Dragonfyre,2024-04-27 10:56:55 UTC,2026-02-03 16:17:21 UTC,research,CC-BY-NC,https://www.inaturalist.org/observations/210073230,https://inaturalist-open-data.s3.amazonaws.com/photos/371622555/medium.jpeg,,"",,1,0,false,,"London, UK",51.5058765107,-0.1735377792,1,,,,1,,,false,,,Grey-patched Mining Bee,Andrena nitida,Grey-patched Mining Bee,Insecta,460837,,No
210089278,341b22c2-f85e-42ab-b38a-a0a79c5d492d,2024-04-26 13:39:13+01:00,2024-04-26,2024-04-26 12:39:13 UTC,London,3476723,luo_qing,Caroline Quinn,2024-04-27 11:45:06 UTC,2026-02-13 14:42:06 UTC,research,CC0,https://www.inaturalist.org/observations/210089278,https://inaturalist-open-data.s3.amazonaws.com/photos/371661844/medium.jpg,,"","",1,0,false,3,"Barnet, London, England, GB",51.6298083333,-0.2146666667,4,,,,4,,,false,,,Common Carder Bee,Bombus pascuorum,Common Carder Bee,Insecta,55637,Taraxacum,Yes
210203112,dc20f5b9-93b8-4586-a1df-034fb84ea34c,2024-04-27 16:14:15+01:00,2024-04-27,2024-04-27 15:14:15 UTC,London,7928821,aneelodhwani,,2024-04-27 15:16:50 UTC,2026-02-12 11:32:41 UTC,research,CC-BY-NC,https://www.inaturalist.org/observations/210203112,https://inaturalist-open-data.s3.amazonaws.com/photos/371835495/medium.jpg,,"",Pentaglottis sempervirens plant,2,0,false,3,"Kew Gardens, London, England, GB",51.4743772243,-0.3049148619,7,,,,7,,,false,,,Western Honey Bee,Apis mellifera,Western Honey Bee,Insecta,47219,Pentaglottis sempervirens,Yes
210394455,03a9e414-2625-4d01-8b19-5e5672f28d52,2024-04-27 16:11:48,2024-04-27,2024-04-27 15:11:48 UTC,London,5751993,sivi12,Sivi Sivanesan,2024-04-27 20:20:21 UTC,2026-02-06 17:27:48 UTC,research,CC-BY,https://www.inaturalist.org/observations/210394455,https://inaturalist-open-data.s3.amazonaws.com/photos/372138208/medium.jpeg,,"",,1,0,false,2,"Coombehurst House, Kingston Vale, Kingston upon Thames KT2 7LA, UK",51.4284824,-0.2671670997,,,,,,,open,false,gps,gps,Tawny Mining Bee,Andrena fulva,Tawny Mining Bee,Insecta,60579,,No
210504609,a46ef680-f192-4694-bc7b-511696d1f8fc,2024-04-27 14:10:24+01:00,2024-04-27,2024-04-27 13:10:24 UTC,London,8047719,kevin_davis1,Kevin Davis,2024-04-27 23:49:40 UTC,2024-04-29 17:51:34 UTC,research,,https://www.inaturalist.org/observations/210504609,https://static.inaturalist.org/photos/372321551/medium.jpg,,"","",2,0,false,3,"Eastbrookend Country Park, Romford, England, GB",51.5535402026,0.1751735845,4,,,,4,,,false,,,Common Carder Bumble Bee,Bombus pascuorum,Common Carder Bee,Insecta,55637,,
210660985,09af4145-884c-4838-a427-dcd4dff5d6a6,2024-04-26 09:26:46+01:00,2024-04-26,2024-04-26 08:26:46 UTC,London,7974242,shawal77,,2024-04-28 06:45:39 UTC,2024-09-19 12:21:10 UTC,research,CC-BY-NC,https://www.inaturalist.org/observations/210660985,https://inaturalist-open-data.s3.amazonaws.com/photos/372584515/medium.jpg,,"","",2,0,false,3,"Westmoreland Ave, Welling, England, GB",51.4592014989,0.0910786562,45,,,,45,,,false,,,Hairy-footed Flower Bee,Anthophora plumipes,Hairy-footed Flower Bee,Insecta,124542,,
210661509,31d337fb-7810-4377-b03c-21a4ea61890e,2024-04-26 11:17:48+01:00,2024-04-26,2024-04-26 10:17:48 UTC,London,4139909,benjaminbishop,Benjamin Bishop,2024-04-28 06:48:00 UTC,2026-02-13 14:31:51 UTC,research,CC0,https://www.inaturalist.org/observations/210661509,https://inaturalist-open-data.s3.amazonaws.com/photos/372585525/medium.jpg,,"",Female ,2,0,false,3,"Alder Castle House, London, England, GB",51.516896696,-0.0957356773,25,,,,25,,,false,,,Hairy-footed Flower Bee,Anthophora plumipes,Hairy-footed Flower Bee,Insecta,124542,Aquilegia,Yes
210696787,6e58023e-ba60-40bb-af33-8f602b23c7b2,2024-04-27 14:51:43+01:00,2024-04-27,2024-04-27 13:51:43 UTC,London,7802322,outsidethebackdoor,Elizabeth Malone,2024-04-28 08:53:30 UTC,2026-02-13 14:41:49 UTC,research,,https://www.inaturalist.org/observations/210696787,https://static.inaturalist.org/photos/372641017/medium.jpg,,"","",1,0,false,3,"Hounslow, Hampton, England, GB",51.4210433418,-0.3855015125,301,,,,301,,,false,,,Common Carder Bumble Bee,Bombus pascuorum,Common Carder Bee,Insecta,55637,Lamium album,
210832962,0abdc28c-0b8a-4635-9eb8-5e58598533ca,2024-04-26 16:35:45,2024-04-26,2024-04-26 15:35:45 UTC,London,6653618,ross291,Ross McCallum,2024-04-28 14:17:03 UTC,2026-02-03 16:17:10 UTC,research,CC0,https://www.inaturalist.org/observations/210832962,https://inaturalist-open-data.s3.amazonaws.com/photos/372851077/medium.jpeg,,"",,1,0,false,2,"London SE20, UK",51.423322465,-0.068313852,133,,,,133,,,false,gps,gps,Grey-patched Mining Bee,Andrena nitida,Grey-patched Mining Bee,Insecta,460837,,No
210885263,4711aa41-a2f6-4927-891d-9474549d2370,2024-04-28 16:35:06+01:00,2024-04-28,2024-04-28 15:35:06 UTC,London,5572020,empressmoth,,2024-04-28 15:35:16 UTC,2026-02-02 21:36:19 UTC,research,CC0,https://www.inaturalist.org/observations/210885263,https://inaturalist-open-data.s3.amazonaws.com/photos/372931152/medium.jpg,,"","",1,0,false,3,"Sheen Lane, London, England, GB",51.4640048286,-0.2674632613,3,,,,3,,,false,,,Red Mason Bee,Osmia bicornis,Red Mason Bee,Insecta,876599,,No
210892503,21d14bb2-4a11-4ff5-92c8-f8679d3b71c4,2024-04-28 16:43:29+01:00,2024-04-28,2024-04-28 15:43:29 UTC,London,8068927,kay__willis,Kay Willis,2024-04-28 15:45:28 UTC,2026-02-15 19:43:52 UTC,research,,https://www.inaturalist.org/observations/210892503,https://static.inaturalist.org/photos/372942417/medium.jpg,,"","",1,0,false,3,"Church Crescent, London, England, GB",51.6252172497,-0.1635486157,44,,,,44,,,false,,,Western Honey Bee,Apis mellifera,Western Honey Bee,Insecta,47219,Cotoneaster,Yes
210908291,bf1c3a36-e04c-4aba-abb9-e0150dd7c131,2024-04-28 14:52:28,2024-04-28,2024-04-28 13:52:28 UTC,London,5751993,sivi12,Sivi Sivanesan,2024-04-28 16:08:12 UTC,2026-02-02 13:38:48 UTC,research,CC-BY,https://www.inaturalist.org/observations/210908291,https://inaturalist-open-data.s3.amazonaws.com/photos/372965363/medium.jpeg,,"",,1,0,false,2,"Kingston upon Thames, UK",51.4052999,-0.2975245,,,,,,,,false,gps,gps,Buff-tailed Bumble Bee,Bombus terrestris,Buff-tailed Bumble Bee,Insecta,57516,,No
210953450,a339a857-d41b-4fcb-97c1-39339db7ab7b,2024-04-28 16:21:13+01:00,2024-04-28,2024-04-28 15:21:13 UTC,London,5185446,elizabeth1564,Elizabeth Tatham,2024-04-28 17:13:58 UTC,2026-01-31 17:36:18 UTC,research,,https://www.inaturalist.org/observations/210953450,https://static.inaturalist.org/photos/373036129/medium.jpg,,"","",1,0,false,3,"Birchen Grove, London, England, GB",51.570525,-0.2579883333,3,,,,3,,,false,,,Western Honey Bee,Apis mellifera,Western Honey Bee,Insecta,47219,,No
210998093,68ec40e1-ff3f-4f05-ba1e-bdf81d0a9241,2024/04/28 5:11 PM,2024-04-28,2024-04-28 16:11:00 UTC,London,159021,muki,Muki Haklay,2024-04-28 18:19:37 UTC,2026-02-13 14:41:21 UTC,research,CC-BY,https://www.inaturalist.org/observations/210998093,https://inaturalist-open-data.s3.amazonaws.com/photos/373087548/medium.jpeg,,"","",3,0,false,,"Neasden, London, UK",51.560015,-0.2367430556,,,,,,,,false,,,Common Carder Bee,Bombus pascuorum,Common Carder Bee,Insecta,55637,Ajuga,Yes
211074888,9e0e8076-0880-4043-9d93-71def09b172e,2024/04/27 3:15 PM,2024-04-27,2024-04-27 14:15:00 UTC,London,3275949,victor0001,Victor Heng,2024-04-28 20:12:37 UTC,2026-02-13 14:40:54 UTC,research,CC0,https://www.inaturalist.org/observations/211074888,https://inaturalist-open-data.s3.amazonaws.com/photos/373227093/medium.jpg,,"",,2,0,false,,"London, UK",51.5355968687,-0.1281123031,1,,,,1,,,false,,,Common Carder Bee,Bombus pascuorum,Common Carder Bee,Insecta,55637,Pentaglottis sempervirens,Yes
211083438,98be4983-9607-4ad3-9a20-5936524b39db,2024/04/26 ,2024-04-26,,London,5965264,bugs432esd,"",2024-04-28 20:24:21 UTC,2026-02-06 17:30:59 UTC,research,CC-BY-NC,https://www.inaturalist.org/observations/211083438,https://inaturalist-open-data.s3.amazonaws.com/photos/373226695/medium.jpg,,"","",1,0,false,,south acton park ,51.501395,-0.269496,188,,,,188,,,false,,,Fork-jawed Nomad Bee,Nomada ruficornis,Fork-jawed Nomad Bee,Insecta,1426498,,No
211148726,83373b71-0ed1-4ffe-9b75-8eb033f0bb26,2024-04-28 17:45:46,2024-04-28,2024-04-28 16:45:46 UTC,London,6653618,ross291,Ross McCallum,2024-04-28 22:03:39 UTC,2026-02-02 10:49:00 UTC,research,CC0,https://www.inaturalist.org/observations/211148726,https://inaturalist-open-data.s3.amazonaws.com/photos/373348988/medium.jpeg,,"",,1,0,false,2,"BR2, UK",51.3928862323,0.0004797801,67,,,,67,,,false,gps,gps,Hairy-footed Flower Bee,Anthophora plumipes,Hairy-footed Flower Bee,Insecta,124542,,No
211444441,bb44f46b-c1e9-4f93-a184-93647e598b05,2024-04-29 10:09:36+01:00,2024-04-29,2024-04-29 09:09:36 UTC,London,8068927,kay__willis,Kay Willis,2024-04-29 09:14:41 UTC,2026-02-13 14:29:41 UTC,research,,https://www.inaturalist.org/observations/211444441,https://static.inaturalist.org/photos/373830936/medium.jpg,,"","",2,0,false,3,"Church Crescent, London, England, GB",51.6239641369,-0.1634245423,1036,,,,1036,,,false,,,Hairy-footed Flower Bee,Anthophora plumipes,Hairy-footed Flower Bee,Insecta,124542,Weigela,Yes
211523697,ed6df78a-6a2e-4ae2-94e6-9aa046109c3d,2024-04-29 13:43:47+01:00,2024-04-29,2024-04-29 12:43:47 UTC,London,8068927,kay__willis,Kay Willis,2024-04-29 12:48:36 UTC,2026-02-15 19:43:33 UTC,research,,https://www.inaturalist.org/observations/211523697,https://static.inaturalist.org/photos/373951340/medium.jpg,,"","",1,0,false,3,"Friern Barnet Lane, London, England, GB",51.620166847,-0.16104519,1322,,,,1322,,,false,,,Western Honey Bee,Apis mellifera,Western Honey Bee,Insecta,47219,Cotoneaster,Yes
211551200,3f645adb-816f-43ee-b8c8-348802b9e0c6,2024-04-29 11:56:51+01:00,2024-04-29,2024-04-29 10:56:51 UTC,London,3890850,rosestephens,"",2024-04-29 13:37:55 UTC,2026-02-03 15:42:58 UTC,research,CC-BY-NC,https://www.inaturalist.org/observations/211551200,https://inaturalist-open-data.s3.amazonaws.com/photos/373992409/medium.jpg,,"","",1,0,false,3,"Wanstead Park, London, England, GB",51.5517633333,0.0260138333,1,,,,1,,,false,,,Gooden's Nomad Bee,Nomada goodeniana,Gooden's Nomad Bee,Insecta,127759,,No
211554299,aef0ad93-d0c4-4bc4-a3b3-fb7aa1489468,2024-04-29 10:43:32+01:00,2024-04-29,2024-04-29 09:43:32 UTC,London,3890850,rosestephens,"",2024-04-29 13:43:28 UTC,2026-02-13 14:40:21 UTC,research,CC-BY-NC,https://www.inaturalist.org/observations/211554299,https://inaturalist-open-data.s3.amazonaws.com/photos/373997155/medium.jpg,,"","",1,0,false,3,"Wanstead Flats, London, England, GB",51.5581783333,0.0333695,1,,,,1,,,false,,,Common Carder Bumble Bee,Bombus pascuorum,Common Carder Bee,Insecta,55637,Taraxacum,Yes
211560226,b80ebee6-bab7-416d-9909-3644c8034dc8,2024-04-29 14:36:00,2024-04-29,2024-04-29 13:36:00 UTC,London,7707996,saswarren,"",2024-04-29 13:53:37 UTC,2026-02-01 12:17:15 UTC,research,CC0,https://www.inaturalist.org/observations/211560226,https://inaturalist-open-data.s3.amazonaws.com/photos/374006042/medium.jpeg,,"",,1,0,false,2,"Harringay Ladder, London, UK",51.5768463819,-0.1009757817,221,,,,221,,,false,gps,gps,Common Carder Bumble Bee,Bombus pascuorum,Common Carder Bee,Insecta,55637,,No
211560364,a1e6943d-587d-4246-bb1d-2ccef0dba134,2024-04-29 14:30:00,2024-04-29,2024-04-29 13:30:00 UTC,London,7707996,saswarren,"",2024-04-29 13:53:51 UTC,2024-04-29 17:00:25 UTC,research,CC0,https://www.inaturalist.org/observations/211560364,https://inaturalist-open-data.s3.amazonaws.com/photos/374006216/medium.jpeg,,"",,1,0,false,2,"Harringay Ladder, London, UK",51.5768195031,-0.1012644544,302,,,,302,,,false,gps,gps,Buff-tailed Bumble Bee,Bombus terrestris,Buff-tailed Bumble Bee,Insecta,57516,,
211582232,051000d5-3812-4775-b1ca-cbbc0f30a3d4,2024-04-29 14:11:22+01:00,2024-04-29,2024-04-29 13:11:22 UTC,London,8063763,bradsussex,Brad Sussex,2024-04-29 14:26:55 UTC,2026-02-12 11:29:52 UTC,research,,https://www.inaturalist.org/observations/211582232,https://static.inaturalist.org/photos/374038317/medium.jpg,,"","",2,0,false,3,"Parkland Walk, London, England, GB",51.5718,-0.1086166667,3,,,,3,,,false,,,Western Honey Bee,Apis mellifera,Western Honey Bee,Insecta,47219,Pentaglottis sempervirens,Yes
211592140,4f98154d-50cb-46de-8949-1bc4272c24da,2024/04/29 12:36 PM,2024-04-29,2024-04-29 11:36:00 UTC,London,894051,victoriajburton,Victoria J. Burton,2024-04-29 14:40:39 UTC,2026-02-12 11:29:17 UTC,research,CC0,https://www.inaturalist.org/observations/211592140,https://inaturalist-open-data.s3.amazonaws.com/photos/374048867/medium.jpeg,,"",,1,0,false,,"Orpington, UK",51.3948529602,0.1180814002,9,,,,9,,,false,,,Western Honey Bee,Apis mellifera,Western Honey Bee,Insecta,47219,Pentaglottis sempervirens,Yes
211645920,d8f345dc-2cf3-4a16-b7eb-73e532465cf2,2024-04-29 16:54:38+01:00,2024-04-29,2024-04-29 15:54:38 UTC,London,7879384,uxbridgebirder,,2024-04-29 16:01:16 UTC,2026-02-12 11:28:50 UTC,research,CC-BY,https://www.inaturalist.org/observations/211645920,https://inaturalist-open-data.s3.amazonaws.com/photos/374132450/medium.jpg,,"","",1,0,false,3,"Angle Close, Uxbridge, England, GB",51.5411004009,-0.4561367962,23,,,,23,,,false,,,Western Honey Bee,Apis mellifera,Western Honey Bee,Insecta,47219,Rubus,Yes
211647612,5907a64a-b51b-456b-915f-ee0968d5c471,2024-04-29 16:51:36+01:00,2024-04-29,2024-04-29 15:51:36 UTC,London,7879384,uxbridgebirder,,2024-04-29 16:03:43 UTC,2026-02-02 10:48:23 UTC,research,CC-BY,https://www.inaturalist.org/observations/211647612,https://inaturalist-open-data.s3.amazonaws.com/photos/374134903/medium.jpg,,"","",4,1,false,3,"Angle Close, Uxbridge, England, GB",51.5409402873,-0.4560001904,23,,,,23,,,false,,,Hairy-footed Flower Bee,Anthophora plumipes,Hairy-footed Flower Bee,Insecta,124542,,No
211656400,46808d0c-2b37-48a8-9ab1-fd4845a9caa7,2024-04-29 16:23:30+01:00,2024-04-29,2024-04-29 15:23:30 UTC,London,353381,wildhamandpetersham,Paul Cook,2024-04-29 16:16:43 UTC,2026-02-13 14:40:06 UTC,research,CC-BY,https://www.inaturalist.org/observations/211656400,https://inaturalist-open-data.s3.amazonaws.com/photos/374147783/medium.jpg,,"","",2,0,false,3,"Richmond upon Thames, Richmond, England, GB",51.4363716667,-0.32602,4,,,,4,,,false,,,Common Carder Bee,Bombus pascuorum,Common Carder Bee,Insecta,55637,Lamium album,Yes
211659805,992d6658-bb46-443a-bd4a-919624029bc1,2024-04-29 16:06:11+01:00,2024-04-29,2024-04-29 15:06:11 UTC,London,353381,wildhamandpetersham,Paul Cook,2024-04-29 16:22:08 UTC,2026-02-02 13:38:14 UTC,research,CC-BY,https://www.inaturalist.org/observations/211659805,https://inaturalist-open-data.s3.amazonaws.com/photos/374152855/medium.jpg,,"","",1,0,false,3,"Richmond upon Thames, Twickenham, England, GB",51.4349383333,-0.3258216667,17,,,,17,,,false,,,Buff-tailed Bumble Bee,Bombus terrestris,Buff-tailed Bumble Bee,Insecta,57516,,No
211676749,1c760e2d-a757-4526-96b1-4b5825058c98,2024-04-29 17:47:29+01:00,2024-04-29,2024-04-29 16:47:29 UTC,London,5572020,empressmoth,,2024-04-29 16:48:10 UTC,2026-02-13 14:28:17 UTC,research,CC0,https://www.inaturalist.org/observations/211676749,https://inaturalist-open-data.s3.amazonaws.com/photos/374178665/medium.jpg,,"","",2,0,false,3,"Rutland Grove, London, England, GB",51.4896356827,-0.2287771739,7,,,,7,,,false,,,Hairy-footed Flower Bee,Anthophora plumipes,Hairy-footed Flower Bee,Insecta,124542,Pentaglottis sempervirens,Yes
211752363,d3bf589d-375f-4c54-a7ea-8a4d588acf85,2024-04-29 09:29:47,2024-04-29,2024-04-29 08:29:47 UTC,London,5751993,sivi12,Sivi Sivanesan,2024-04-29 18:41:37 UTC,2026-02-13 14:28:05 UTC,research,CC-BY,https://www.inaturalist.org/observations/211752363,https://inaturalist-open-data.s3.amazonaws.com/photos/374294833/medium.jpeg,,"",,1,0,false,2,"London SW15 3DW, UK",51.4369043,-0.2523028997,,,,,,,,false,,,Hairy-footed Flower Bee,Anthophora plumipes,Hairy-footed Flower Bee,Insecta,124542,Borago officinalis,Yes
211753633,ccbf5b9b-093a-4773-a73b-e678a1111ea6,2024-04-29 09:32:56,2024-04-29,2024-04-29 08:32:56 UTC,London,5751993,sivi12,Sivi Sivanesan,2024-04-29 18:43:46 UTC,2026-02-13 14:27:50 UTC,research,CC-BY,https://www.inaturalist.org/observations/211753633,https://inaturalist-open-data.s3.amazonaws.com/photos/374322855/medium.jpeg,,"",,1,0,false,2,"London SW15 3DW, UK",51.437,-0.2519,,,,,,,,false,gps,gps,Hairy-footed Flower Bee,Anthophora plumipes,Hairy-footed Flower Bee,Insecta,124542,Borago officinalis,Yes
211755783,532af2ac-d034-431f-b602-21d3100a593f,2024-04-29 13:56:52,2024-04-29,2024-04-29 12:56:52 UTC,London,3024048,pilmar,Piermario Maculan,2024-04-29 18:47:29 UTC,2026-02-13 14:39:47 UTC,research,CC0,https://www.inaturalist.org/observations/211755783,https://inaturalist-open-data.s3.amazonaws.com/photos/374300571/medium.jpeg,,"",,1,0,false,2,"Croxley Green, Rickmansworth WD3, UK",51.6464861111,-0.4396833333,,,,,,,,false,,,Common Carder Bee,Bombus pascuorum,Common Carder Bee,Insecta,55637,Alliaria petiolata,Yes
211927207,665f5fa5-8587-4e9d-91be-95dc02491ff4,2024-04-29 14:32:22,2024-04-29,2024-04-29 13:32:22 UTC,London,5751993,sivi12,Sivi Sivanesan,2024-04-29 22:55:08 UTC,2026-02-13 14:45:40 UTC,research,CC-BY,https://www.inaturalist.org/observations/211927207,https://inaturalist-open-data.s3.amazonaws.com/photos/374570087/medium.jpeg,,"",,1,0,false,2,"Worcester Park KT4 7PU, UK",51.3802293,-0.2703858,,,,,,,,false,gps,gps,Buff-tailed Bumble Bee,Bombus terrestris,Buff-tailed Bumble Bee,Insecta,57516,Pentaglottis sempervirens,Yes
211931253,ff6952af-2f1d-439a-a653-bb34e6c37d08,2024-04-29 14:22:48,2024-04-29,2024-04-29 13:22:48 UTC,London,5751993,sivi12,Sivi Sivanesan,2024-04-29 23:01:23 UTC,2026-02-13 14:37:57 UTC,research,CC-BY,https://www.inaturalist.org/observations/211931253,https://inaturalist-open-data.s3.amazonaws.com/photos/374576202/medium.jpeg,,"",,1,0,false,2,"Knollmead Allotments, Knollmead Allotments Tolworth, KT5 9QP, Worcester Park, Surbiton KT5 9QP, UK",51.3788602997,-0.2716590997,,,,,,,,false,gps,gps,Common Carder Bee,Bombus pascuorum,Common Carder Bee,Insecta,55637,Lamium album,Yes
211941176,9238f326-69fa-40da-ae85-e619d2c47bc1,2024-04-29 14:14:32,2024-04-29,2024-04-29 13:14:32 UTC,London,5751993,sivi12,Sivi Sivanesan,2024-04-29 23:17:41 UTC,2026-02-13 14:37:37 UTC,research,CC-BY,https://www.inaturalist.org/observations/211941176,https://inaturalist-open-data.s3.amazonaws.com/photos/374591670/medium.jpeg,,"",,1,0,false,2,"Kingston Edible Forest 2100, Knollmead Allotments Tolworth, KT5 9QP, Worcester Park, Surbiton KT5 9QP, UK",51.3781375,-0.2724020997,,,,,,,,false,gps,gps,Common Carder Bee,Bombus pascuorum,Common Carder Bee,Insecta,55637,Lamium album,Yes
211957828,b8806336-1c27-44fd-9c33-5d20f1b8c8e0,2024-04-29 15:35:24,2024-04-29,2024-04-29 14:35:24 UTC,London,5751993,sivi12,Sivi Sivanesan,2024-04-29 23:45:45 UTC,2026-01-31 17:32:29 UTC,research,CC-BY,https://www.inaturalist.org/observations/211957828,https://inaturalist-open-data.s3.amazonaws.com/photos/374618124/medium.jpeg,,"",,1,0,false,2,"Worcester Park, UK",51.3745242,-0.272591,,,,,,,,false,gps,gps,Western Honey Bee,Apis mellifera,Western Honey Bee,Insecta,47219,,No
211983532,2d1caff7-4b27-454e-aec2-b7305054e588,2024-04-29 12:24:15,2024-04-29,2024-04-29 11:24:15 UTC,London,5751993,sivi12,Sivi Sivanesan,2024-04-30 00:29:04 UTC,2026-02-13 14:27:30 UTC,research,CC-BY,https://www.inaturalist.org/observations/211983532,https://inaturalist-open-data.s3.amazonaws.com/photos/374659838/medium.jpeg,,"",,2,0,false,2,"Kingston upon Thames KT1 2QJ, UK",51.4051558997,-0.3006982997,,,,,,,,false,gps,gps,Hairy-footed Flower Bee,Anthophora plumipes,Hairy-footed Flower Bee,Insecta,124542,Pentaglottis sempervirens,Yes
212172889,b82290ff-852f-441d-a63c-9201a37c2d62,2024-04-26 10:26:29+01:00,2024-04-26,2024-04-26 09:26:29 UTC,London,8047597,ellabrowncol,,2024-04-30 07:36:52 UTC,2026-02-02 10:41:59 UTC,research,CC0,https://www.inaturalist.org/observations/212172889,https://inaturalist-open-data.s3.amazonaws.com/photos/374960195/medium.jpg,,"","",2,0,false,3,"Aldermanbury, London, England, GB",51.5169216667,-0.0927555,49,,,,49,,,false,,,Hairy-footed Flower Bee,Anthophora plumipes,Hairy-footed Flower Bee,Insecta,124542,,No
212173041,d146c933-b373-4df0-943c-961c09c370ee,2024-04-26 10:31:06+01:00,2024-04-26,2024-04-26 09:31:06 UTC,London,8047597,ellabrowncol,,2024-04-30 07:37:33 UTC,2026-01-31 17:30:56 UTC,research,CC0,https://www.inaturalist.org/observations/212173041,https://inaturalist-open-data.s3.amazonaws.com/photos/374960401/medium.jpg,,"","",2,0,false,3,"Aldermanbury, London, England, GB",51.5163116667,-0.0930555,35,,,,35,,,false,,,Western Honey Bee,Apis mellifera,Western Honey Bee,Insecta,47219,,No
212198141,431c3e22-2f4a-4a14-b729-ee7b419e9bf5,2024-04-29 14:31:25,2024-04-29,2024-04-29 13:31:25 UTC,London,8077955,rachel_anne2,Rachel Anne Walls,2024-04-30 10:21:13 UTC,2026-02-13 14:50:29 UTC,research,,https://www.inaturalist.org/observations/212198141,https://static.inaturalist.org/photos/375009313/medium.jpeg,,"",,1,0,false,2,"Tolworth, Surbiton, UK",51.3801001704,-0.2861236408,593,,,,593,,,false,gps,gps,Tree Bumble Bee,Bombus hypnorum,Tree Bumble Bee,Insecta,61803,Crataegus,Yes
212352932,5d516a11-52ca-42fc-9885-4898d11ae4b4,2024/04/29 12:17 PM,2024-04-29,2024-04-29 11:17:00 UTC,London,3275949,victor0001,Victor Heng,2024-04-30 19:25:30 UTC,2026-02-01 12:14:20 UTC,research,CC0,https://www.inaturalist.org/observations/212352932,https://inaturalist-open-data.s3.amazonaws.com/photos/375271993/medium.jpg,,"",,1,0,false,,"London, UK",51.4844827937,0.1288531559,3,,,,3,,,false,,,Common Carder Bee,Bombus pascuorum,Common Carder Bee,Insecta,55637,,No
212364473,a2134ef5-a759-434f-904d-3b9fa761a512,2024/04/29 1:04 PM,2024-04-29,2024-04-29 12:04:00 UTC,London,3275949,victor0001,Victor Heng,2024-04-30 20:00:13 UTC,2026-02-01 12:13:25 UTC,research,CC0,https://www.inaturalist.org/observations/212364473,https://inaturalist-open-data.s3.amazonaws.com/photos/375290878/medium.jpg,,"",,1,0,false,,"London, UK",51.4843551789,0.1255594677,2,,,,2,,,false,,,Common Carder Bee,Bombus pascuorum,Common Carder Bee,Insecta,55637,,No
212379232,3ae854f4-0a0d-4d67-9eed-e041ac65eab4,2024/04/29 2:09 PM,2024-04-29,2024-04-29 13:09:00 UTC,London,3275949,victor0001,Victor Heng,2024-04-30 20:47:13 UTC,2026-02-13 14:37:18 UTC,research,CC0,https://www.inaturalist.org/observations/212379232,https://inaturalist-open-data.s3.amazonaws.com/photos/375316597/medium.jpg,,"",,1,0,false,,"London, UK",51.486701332,0.1278770163,9,,,,9,,,false,,,Common Carder Bee,Bombus pascuorum,Common Carder Bee,Insecta,55637,Hyacinthoides,Yes
212382741,afd43a37-9b3d-4249-abb1-66237c7d86f4,2024/04/29 2:26 PM,2024-04-29,2024-04-29 13:26:00 UTC,London,3275949,victor0001,Victor Heng,2024-04-30 20:58:20 UTC,2026-02-22 14:27:33 UTC,research,CC0,https://www.inaturalist.org/observations/212382741,https://inaturalist-open-data.s3.amazonaws.com/photos/375324001/medium.jpg,,"",,1,0,false,,"London, UK",51.4876968391,0.129188849,8,,,,8,,,false,,,Buff-tailed Bumble Bee,Bombus terrestris,Buff-tailed Bumble Bee,Insecta,57516,Hyacinthoides,Yes
212385664,a4c6acbc-133b-413b-8d93-8f4a05ee16a2,2024-04-29 11:34:37+01:00,2024-04-29,2024-04-29 10:34:37 UTC,London,353381,wildhamandpetersham,Paul Cook,2024-04-30 21:06:48 UTC,2026-02-13 14:46:43 UTC,research,CC-BY,https://www.inaturalist.org/observations/212385664,https://inaturalist-open-data.s3.amazonaws.com/photos/375329720/medium.jpg,,"",On Taraxacum officinale ,2,0,false,3,"Teddington Lock, Richmond, England, GB",51.4327166667,-0.3194966667,4,,,,4,,,false,,,Red Mason Bee,Osmia bicornis,Red Mason Bee,Insecta,876599,Taraxacum,Yes
212407640,1f1bccba-4b80-47a0-b345-d7c514d818eb,2024-04-29 16:32:02+01:00,2024-04-29,2024-04-29 15:32:02 UTC,London,1528472,finnharrigan,Finn Harrigan,2024-04-30 22:20:28 UTC,2026-02-06 17:28:36 UTC,research,,https://www.inaturalist.org/observations/212407640,https://static.inaturalist.org/photos/375365796/medium.jpg,,"","",1,0,false,3,"Riverside, Richmond, England, GB",51.4858366667,-0.2843366667,4,,,,4,,,false,,,Buffish Mining Bee,Andrena nigroaenea,Buffish Mining Bee,Insecta,127726,,No
212415826,d072b769-9a43-463e-81ca-8d455e348d0b,2024-04-29 12:44:28,2024-04-29,2024-04-29 11:44:28 UTC,London,6653618,ross291,Ross McCallum,2024-04-30 22:50:29 UTC,2026-02-13 14:36:58 UTC,research,CC0,https://www.inaturalist.org/observations/212415826,https://inaturalist-open-data.s3.amazonaws.com/photos/375380026/medium.jpeg,,"",,2,0,false,2,"London SE28, UK",51.5012070257,0.1078821346,115,,,,115,,,false,gps,gps,Common Carder Bee,Bombus pascuorum,Common Carder Bee,Insecta,55637,Iris,Yes
212558884,abe64ce7-b5b8-4dad-ad54-c3821e00258d,2024-04-29 17:17:49,2024-04-29,2024-04-29 16:17:49 UTC,London,6653618,ross291,Ross McCallum,2024-05-01 11:25:31 UTC,2026-02-01 12:10:58 UTC,research,CC0,https://www.inaturalist.org/observations/212558884,https://inaturalist-open-data.s3.amazonaws.com/photos/375629561/medium.jpeg,,"",,3,0,false,2,"London SE2 9AN, UK",51.5060356646,0.1323958486,109,,,,109,,,false,gps,gps,Common Carder Bee,Bombus pascuorum,Common Carder Bee,Insecta,55637,,No
212700018,7035ae53-95ff-4cd0-8bfa-4a26b59475e8,2024/04/29 4:41 PM,2024-04-29,2024-04-29 15:41:00 UTC,London,3275949,victor0001,Victor Heng,2024-05-01 20:04:04 UTC,2026-02-13 14:27:17 UTC,research,CC0,https://www.inaturalist.org/observations/212700018,https://inaturalist-open-data.s3.amazonaws.com/photos/375875585/medium.jpg,,"",,2,0,false,,"London, UK",51.4894063657,0.1288374244,8,,,,8,,,false,,,Hairy-footed Flower Bee,Anthophora plumipes,Hairy-footed Flower Bee,Insecta,124542,Symphytum,Yes
212700029,42fee7d0-63ee-4b34-8a72-16364f38215b,2024/04/29 4:58 PM,2024-04-29,2024-04-29 15:58:00 UTC,London,3275949,victor0001,Victor Heng,2024-05-01 20:04:06 UTC,2026-01-31 17:31:27 UTC,research,CC0,https://www.inaturalist.org/observations/212700029,https://inaturalist-open-data.s3.amazonaws.com/photos/375875679/medium.jpg,,"",,1,0,false,,"London, UK",51.4886581537,0.1260107409,8,,,,8,,,false,,,Western Honey Bee,Apis mellifera,Western Honey Bee,Insecta,47219,,No
213803650,9be2242d-4eda-408c-8fc6-f24665de5502,2024/04/28 3:56 PM,2024-04-28,2024-04-28 14:56:00 UTC,London,8107984,melanie-stanton,,2024-05-05 21:00:24 UTC,2026-02-01 12:10:03 UTC,research,CC-BY-NC,https://www.inaturalist.org/observations/213803650,https://inaturalist-open-data.s3.amazonaws.com/photos/377864138/medium.jpeg,,"",,1,0,false,,"Kingston Hill, Kingston upon Thames KT2 7LB, UK",51.4292831,-0.2648285,195,,,,195,,,false,,,Common Carder Bee,Bombus pascuorum,Common Carder Bee,Insecta,55637,,No
297384758,e4f5c4e8-0b5a-42a9-8693-96c780209be8,2024-04-26 16:46:15,2024-04-26,2024-04-26 15:46:15 UTC,London,8887820,milod,,2025-07-12 20:04:40 UTC,2026-02-06 17:27:38 UTC,research,CC-BY-NC,https://www.inaturalist.org/observations/297384758,https://inaturalist-open-data.s3.amazonaws.com/photos/535568024/medium.jpg,,"",,1,0,false,2,"Hampstead, London NW3, UK",51.5579361111,-0.1716083333,,,,,,,open,false,gps,gps,Tawny Mining Bee,Andrena fulva,Tawny Mining Bee,Insecta,60579,,No
