city,year,plant,bee,is_honeybee,bee_type,bee_genus
birmingham,2020,Pentaglottis,Apis mellifera,TRUE,honey,Apis
birmingham,2020,Taraxacum,Apis mellifera,TRUE,honey,Apis
birmingham,2020,Taraxacum,Apis mellifera,TRUE,honey,Apis
birmingham,2020,Malus,Bombus pascuorum,FALSE,wild,Bombus
birmingham,2020,Spiraea,Bombus pascuorum,FALSE,wild,Bombus
birmingham,2020,Malus,Apis mellifera,TRUE,honey,Apis
birmingham,2020,Pentaglottis,Apis mellifera,TRUE,honey,Apis
birmingham,2020,Hyacinthoides,Bombus pascuorum,FALSE,wild,Bombus
birmingham,2020,Pentaglottis,Apis mellifera,TRUE,honey,Apis
birmingham,2020,Malus,Bombus pascuorum,FALSE,wild,Bombus
birmingham,2020,Taraxacum,Bombus pascuorum,FALSE,wild,Bombus
birmingham,2020,Malus,Bombus pascuorum,FALSE,wild,Bombus
birmingham,2020,Taraxacum,Andrena nigroaenea,FALSE,wild,Andrena
birmingham,2020,Cotoneaster,Bombus hypnorum,FALSE,wild,Bombus
birmingham,2020,Cotoneaster,Bombus pratorum,FALSE,wild,Bombus
birmingham,2020,Malus,Apis mellifera,TRUE,honey,Apis
birmingham,2020,Taraxacum,Bombus lapidarius,FALSE,wild,Bombus
birmingham,2020,Hyacinthoides,Apis mellifera,TRUE,honey,Apis
birmingham,2020,Lamium,Bombus pratorum,FALSE,wild,Bombus
birmingham,2020,Hyacinthoides,Bombus hortorum,FALSE,wild,Bombus
birmingham,2020,Ceanothus,Apis mellifera,TRUE,honey,Apis
birmingham,2020,Syringa,Anthophora plumipes,FALSE,wild,Anthophora
birmingham,2020,Pentaglottis,Apis mellifera,TRUE,honey,Apis
birmingham,2020,Pentaglottis,Apis mellifera,TRUE,honey,Apis
birmingham,2020,Fuchsia,Bombus pascuorum,FALSE,wild,Bombus
birmingham,2020,Myosotis,Apis mellifera,TRUE,honey,Apis
birmingham,2020,Symphytum,Anthophora plumipes,FALSE,wild,Anthophora
birmingham,2020,Elaeagnus,Apis mellifera,TRUE,honey,Apis
birmingham,2020,Vaccinium,Bombus pascuorum,FALSE,wild,Bombus
birmingham,2020,Rhododendron,Bombus pratorum,FALSE,wild,Bombus
birmingham,2020,Crataegus,Apis mellifera,TRUE,honey,Apis
birmingham,2020,Fuchsia,Bombus pratorum,FALSE,wild,Bombus
birmingham,2020,Fuchsia,Anthophora plumipes,FALSE,wild,Anthophora
birmingham,2020,Pentaglottis,Apis mellifera,TRUE,honey,Apis
birmingham,2020,Geranium,Bombus pascuorum,FALSE,wild,Bombus
birmingham,2020,Symphytum,Bombus pratorum,FALSE,wild,Bombus
birmingham,2020,Symphytum,Bombus pascuorum,FALSE,wild,Bombus
birmingham,2020,Malus,Melecta albifrons,FALSE,wild,Melecta
birmingham,2020,Pentaglottis,Bombus hypnorum,FALSE,wild,Bombus
birmingham,2020,Taraxacum,Apis mellifera,TRUE,honey,Apis
birmingham,2020,Myosotis,Apis mellifera,TRUE,honey,Apis
birmingham,2020,Ilex,Andrena fulva,FALSE,wild,Andrena
birmingham,2020,Pentaglottis,Apis mellifera,TRUE,honey,Apis
birmingham,2020,Pentaglottis,Bombus humilis,FALSE,wild,Bombus
birmingham,2020,Taraxacum,Bombus pascuorum,FALSE,wild,Bombus
birmingham,2020,Malus,Apis mellifera,TRUE,honey,Apis
birmingham,2020,Pentaglottis,Anthophora plumipes,FALSE,wild,Anthophora
birmingham,2020,Malus,Bombus pascuorum,FALSE,wild,Bombus
birmingham,2020,Chaenomeles,Anthophora plumipes,FALSE,wild,Anthophora
birmingham,2020,Lamium,Bombus pascuorum,FALSE,wild,Bombus
birmingham,2020,Pentaglottis,Bombus hypnorum,FALSE,wild,Bombus
birmingham,2020,Pentaglottis,Apis mellifera,TRUE,honey,Apis
birmingham,2020,Pentaglottis,Apis mellifera,TRUE,honey,Apis
birmingham,2020,Ajuga,Bombus pascuorum,FALSE,wild,Bombus
birmingham,2020,Taraxacum,Apis mellifera,TRUE,honey,Apis
birmingham,2020,Lamium,Bombus pascuorum,FALSE,wild,Bombus
birmingham,2020,Allium,Osmia bicornis,FALSE,wild,Osmia
birmingham,2020,Taraxacum,Apis mellifera,TRUE,honey,Apis
birmingham,2020,Lamium,Anthophora plumipes,FALSE,wild,Anthophora
birmingham,2020,Allium,Osmia bicornis,FALSE,wild,Osmia
birmingham,2020,Taraxacum,Andrena nitida,FALSE,wild,Andrena
birmingham,2020,Taraxacum,Andrena haemorrhoa,FALSE,wild,Andrena
birmingham,2020,Allium,Andrena cineraria,FALSE,wild,Andrena
birmingham,2020,Taraxacum,Bombus pascuorum,FALSE,wild,Bombus
birmingham,2020,Rhododendron,Bombus hortorum,FALSE,wild,Bombus
birmingham,2020,Taraxacum,Apis mellifera,TRUE,honey,Apis
birmingham,2020,Aubrieta,Melecta albifrons,FALSE,wild,Melecta
birmingham,2021,Taraxacum,Andrena haemorrhoa,FALSE,wild,Andrena
birmingham,2021,Malus,Bombus hypnorum,FALSE,wild,Bombus
birmingham,2021,Lamium,Bombus pascuorum,FALSE,wild,Bombus
birmingham,2021,Pentaglottis,Bombus pascuorum,FALSE,wild,Bombus
birmingham,2021,Pentaglottis,Apis mellifera,TRUE,honey,Apis
birmingham,2021,Cytisus,Bombus pascuorum,FALSE,wild,Bombus
birmingham,2021,Lamium,Bombus pascuorum,FALSE,wild,Bombus
birmingham,2021,Lamium,Bombus pascuorum,FALSE,wild,Bombus
birmingham,2021,Malus,Bombus pratorum,FALSE,wild,Bombus
birmingham,2021,Pentaglottis,Bombus pratorum,FALSE,wild,Bombus
birmingham,2021,Hyacinthoides,Apis mellifera,TRUE,honey,Apis
birmingham,2021,Lamium,Bombus hortorum,FALSE,wild,Bombus
birmingham,2021,Lamium,Bombus pascuorum,FALSE,wild,Bombus
birmingham,2021,Erica,Apis mellifera,TRUE,honey,Apis
birmingham,2021,Symphytum,Bombus pascuorum,FALSE,wild,Bombus
birmingham,2021,Taraxacum,Apis mellifera,TRUE,honey,Apis
birmingham,2021,Primula,Bombus pascuorum,FALSE,wild,Bombus
birmingham,2021,Cotoneaster,Bombus pratorum,FALSE,wild,Bombus
birmingham,2021,Taraxacum,Bombus pratorum,FALSE,wild,Bombus
birmingham,2021,Silene,Anthophora plumipes,FALSE,wild,Anthophora
birmingham,2021,Lamium,Bombus pascuorum,FALSE,wild,Bombus
birmingham,2021,Pentaglottis,Apis mellifera,TRUE,honey,Apis
birmingham,2021,Erysimum,Anthophora plumipes,FALSE,wild,Anthophora
birmingham,2021,Epimedium,Bombus pascuorum,FALSE,wild,Bombus
birmingham,2021,Lamium,Bombus pascuorum,FALSE,wild,Bombus
birmingham,2021,Lamium,Bombus pascuorum,FALSE,wild,Bombus
birmingham,2021,Prunus,Andrena fulva,FALSE,wild,Andrena
birmingham,2021,Taraxacum,Andrena haemorrhoa,FALSE,wild,Andrena
birmingham,2021,Symphytum,Bombus pascuorum,FALSE,wild,Bombus
birmingham,2021,Salvia,Osmia bicornis,FALSE,wild,Osmia
birmingham,2021,Taraxacum,Andrena haemorrhoa,FALSE,wild,Andrena
birmingham,2021,Taraxacum,Andrena cineraria,FALSE,wild,Andrena
birmingham,2021,Pentaglottis,Apis mellifera,TRUE,honey,Apis
birmingham,2021,Taraxacum,Andrena cineraria,FALSE,wild,Andrena
birmingham,2021,Taraxacum,Apis mellifera,TRUE,honey,Apis
birmingham,2021,Taraxacum,Apis mellifera,TRUE,honey,Apis
birmingham,2021,Vicia,Bombus pascuorum,FALSE,wild,Bombus
birmingham,2021,Lamium,Bombus pascuorum,FALSE,wild,Bombus
birmingham,2021,Pentaglottis,Apis mellifera,TRUE,honey,Apis
birmingham,2021,Myosotis,Bombus terrestris,FALSE,wild,Bombus
birmingham,2021,Pentaglottis,Bombus pascuorum,FALSE,wild,Bombus
birmingham,2021,Pentaglottis,Osmia bicornis,FALSE,wild,Osmia
birmingham,2021,Pentaglottis,Bombus pratorum,FALSE,wild,Bombus
birmingham,2021,Lamium,Bombus pascuorum,FALSE,wild,Bombus
birmingham,2021,Pentaglottis,Bombus pratorum,FALSE,wild,Bombus
birmingham,2021,Pentaglottis,Anthophora plumipes,FALSE,wild,Anthophora
birmingham,2021,Pentaglottis,Osmia bicornis,FALSE,wild,Osmia
birmingham,2021,Allium,Bombus pascuorum,FALSE,wild,Bombus
birmingham,2021,Allium,Bombus pascuorum,FALSE,wild,Bombus
birmingham,2022,Taraxacum,Apis mellifera,TRUE,honey,Apis
birmingham,2022,Choisya,Apis mellifera,TRUE,honey,Apis
birmingham,2022,Lamium,Bombus pascuorum,FALSE,wild,Bombus
birmingham,2022,Cotoneaster,Bombus pratorum,FALSE,wild,Bombus
birmingham,2022,Bellis,Bombus terrestris,FALSE,wild,Bombus
birmingham,2022,Ceanothus,Apis mellifera,TRUE,honey,Apis
birmingham,2022,Taraxacum,Apis mellifera,TRUE,honey,Apis
birmingham,2022,Cotoneaster,Apis mellifera,TRUE,honey,Apis
birmingham,2022,Taraxacum,Apis mellifera,TRUE,honey,Apis
birmingham,2022,Myosotis,Apis mellifera,TRUE,honey,Apis
birmingham,2022,Iberis,Apis mellifera,TRUE,honey,Apis
birmingham,2022,Pentaglottis,Bombus pascuorum,FALSE,wild,Bombus
birmingham,2022,Ceanothus,Apis mellifera,TRUE,honey,Apis
birmingham,2022,Taraxacum,Apis mellifera,TRUE,honey,Apis
birmingham,2022,Glandora,Anthophora plumipes,FALSE,wild,Anthophora
birmingham,2022,Choisya,Apis mellifera,TRUE,honey,Apis
birmingham,2022,Brassica,Anthophora plumipes,FALSE,wild,Anthophora
birmingham,2022,Symphytum,Anthophora plumipes,FALSE,wild,Anthophora
birmingham,2022,Pentaglottis,Apis mellifera,TRUE,honey,Apis
birmingham,2022,Choisya,Apis mellifera,TRUE,honey,Apis
birmingham,2022,Myosotis,Osmia bicornis,FALSE,wild,Osmia
birmingham,2022,Lamium,Bombus pratorum,FALSE,wild,Bombus
birmingham,2022,Lamium,Bombus pascuorum,FALSE,wild,Bombus
birmingham,2022,Taraxacum,Apis mellifera,TRUE,honey,Apis
birmingham,2022,Cytisus,Apis mellifera,TRUE,honey,Apis
birmingham,2022,Rhododendron,Bombus pascuorum,FALSE,wild,Bombus
birmingham,2022,Pentaglottis,Osmia bicornis,FALSE,wild,Osmia
birmingham,2022,Crataegus,Bombus pratorum,FALSE,wild,Bombus
birmingham,2022,Lamium,Bombus pascuorum,FALSE,wild,Bombus
birmingham,2022,Choisya,Apis mellifera,TRUE,honey,Apis
birmingham,2022,Taraxacum,Nomada lathburiana,FALSE,wild,Nomada
birmingham,2022,Taraxacum,Bombus lapidarius,FALSE,wild,Bombus
birmingham,2022,Symphytum,Anthophora plumipes,FALSE,wild,Anthophora
birmingham,2022,Myosotis,Bombus pratorum,FALSE,wild,Bombus
birmingham,2022,Taraxacum,Apis mellifera,TRUE,honey,Apis
birmingham,2022,Taraxacum,Apis mellifera,TRUE,honey,Apis
birmingham,2022,Taraxacum,Bombus pascuorum,FALSE,wild,Bombus
birmingham,2022,Taraxacum,Andrena cineraria,FALSE,wild,Andrena
birmingham,2022,Hyacinthoides,Anthophora plumipes,FALSE,wild,Anthophora
birmingham,2022,Lamium,Bombus pascuorum,FALSE,wild,Bombus
birmingham,2022,Hyacinthoides,Bombus pascuorum,FALSE,wild,Bombus
birmingham,2022,Salvia,Anthophora plumipes,FALSE,wild,Anthophora
birmingham,2022,Pentaglottis,Apis mellifera,TRUE,honey,Apis
birmingham,2022,Hyacinthoides,Bombus pascuorum,FALSE,wild,Bombus
birmingham,2022,Pentaglottis,Apis mellifera,TRUE,honey,Apis
birmingham,2022,Taraxacum,Apis mellifera,TRUE,honey,Apis
birmingham,2022,Pentaglottis,Osmia bicornis,FALSE,wild,Osmia
birmingham,2022,Pentaglottis,Anthophora plumipes,FALSE,wild,Anthophora
birmingham,2022,Choisya,Apis mellifera,TRUE,honey,Apis
birmingham,2022,Lunaria,Anthophora plumipes,FALSE,wild,Anthophora
birmingham,2022,Myosotis,Apis mellifera,TRUE,honey,Apis
birmingham,2022,Caprifolioideae,Bombus pascuorum,FALSE,wild,Bombus
birmingham,2022,Vicia,Bombus pascuorum,FALSE,wild,Bombus
birmingham,2022,Pentaglottis,Bombus pascuorum,FALSE,wild,Bombus
birmingham,2022,Pentaglottis,Apis mellifera,TRUE,honey,Apis
birmingham,2022,Pentaglottis,Bombus pratorum,FALSE,wild,Bombus
birmingham,2022,Pentaglottis,Bombus hortorum,FALSE,wild,Bombus
birmingham,2022,Pentaglottis,Bombus pascuorum,FALSE,wild,Bombus
birmingham,2022,Taraxacum,Apis mellifera,TRUE,honey,Apis
birmingham,2022,Symphytum,Bombus pascuorum,FALSE,wild,Bombus
birmingham,2022,Symphytum,Anthophora plumipes,FALSE,wild,Anthophora
birmingham,2022,Prunus,Andrena haemorrhoa,FALSE,wild,Andrena
birmingham,2022,Lamium,Bombus lapidarius,FALSE,wild,Bombus
birmingham,2022,Taraxacum,Bombus hypnorum,FALSE,wild,Bombus
birmingham,2022,Symphytum,Anthophora plumipes,FALSE,wild,Anthophora
birmingham,2022,Myosotis,Osmia bicornis,FALSE,wild,Osmia
birmingham,2022,Taraxacum,Andrena cineraria,FALSE,wild,Andrena
birmingham,2023,Lamium,Bombus hortorum,FALSE,wild,Bombus
birmingham,2023,Taraxacum,Bombus pascuorum,FALSE,wild,Bombus
birmingham,2023,Taraxacum,Andrena cineraria,FALSE,wild,Andrena
birmingham,2023,Pulmonaria,Anthophora plumipes,FALSE,wild,Anthophora
birmingham,2023,Pentaglottis,Osmia bicornis,FALSE,wild,Osmia
birmingham,2023,Lunaria,Anthophora plumipes,FALSE,wild,Anthophora
birmingham,2023,Salvia,Anthophora plumipes,FALSE,wild,Anthophora
birmingham,2023,Taraxacum,Apis mellifera,TRUE,honey,Apis
birmingham,2023,Aubrieta,Anthophora plumipes,FALSE,wild,Anthophora
birmingham,2023,Taraxacum,Apis mellifera,TRUE,honey,Apis
birmingham,2023,Malus,Andrena fulva,FALSE,wild,Andrena
birmingham,2023,Malus,Andrena fulva,FALSE,wild,Andrena
birmingham,2023,Pentaglottis,Bombus pascuorum,FALSE,wild,Bombus
birmingham,2023,Taraxacum,Andrena cineraria,FALSE,wild,Andrena
birmingham,2023,Taraxacum,Apis mellifera,TRUE,honey,Apis
birmingham,2023,Taraxacum,Apis mellifera,TRUE,honey,Apis
birmingham,2023,Vaccinium,Bombus pascuorum,FALSE,wild,Bombus
birmingham,2023,Taraxacum,Apis mellifera,TRUE,honey,Apis
birmingham,2023,Taraxacum,Apis mellifera,TRUE,honey,Apis
birmingham,2023,Taraxacum,Apis mellifera,TRUE,honey,Apis
birmingham,2023,Taraxacum,Bombus lapidarius,FALSE,wild,Bombus
birmingham,2023,Taraxacum,Apis mellifera,TRUE,honey,Apis
birmingham,2023,Pentaglottis,Bombus pratorum,FALSE,wild,Bombus
birmingham,2023,Lamium,Bombus pascuorum,FALSE,wild,Bombus
birmingham,2023,Geranium,Bombus pratorum,FALSE,wild,Bombus
birmingham,2023,Pentaglottis,Apis mellifera,TRUE,honey,Apis
birmingham,2023,Lamium,Bombus pratorum,FALSE,wild,Bombus
birmingham,2023,Taraxacum,Bombus pascuorum,FALSE,wild,Bombus
birmingham,2023,Pentaglottis,Bombus pratorum,FALSE,wild,Bombus
birmingham,2023,Lamium,Bombus pascuorum,FALSE,wild,Bombus
birmingham,2023,Lamium,Bombus pascuorum,FALSE,wild,Bombus
birmingham,2023,Lamium,Bombus pascuorum,FALSE,wild,Bombus
birmingham,2023,Lamium,Bombus pascuorum,FALSE,wild,Bombus
birmingham,2023,Hyacinthoides,Bombus pascuorum,FALSE,wild,Bombus
birmingham,2023,Primula,Anthophora plumipes,FALSE,wild,Anthophora
birmingham,2023,Taraxacum,Andrena haemorrhoa,FALSE,wild,Andrena
birmingham,2023,Lonicera,Bombus pratorum,FALSE,wild,Bombus
birmingham,2023,Symphytum,Bombus pascuorum,FALSE,wild,Bombus
birmingham,2023,Erica,Andrena cineraria,FALSE,wild,Andrena
birmingham,2023,Pentaglottis,Bombus hypnorum,FALSE,wild,Bombus
birmingham,2023,Pentaglottis,Bombus pascuorum,FALSE,wild,Bombus
birmingham,2023,Taraxacum,Andrena cineraria,FALSE,wild,Andrena
birmingham,2023,Taraxacum,Apis mellifera,TRUE,honey,Apis
birmingham,2023,Hyacinthoides,Bombus pascuorum,FALSE,wild,Bombus
birmingham,2023,Lamium,Bombus pascuorum,FALSE,wild,Bombus
birmingham,2023,Taraxacum,Andrena nigroaenea,FALSE,wild,Andrena
birmingham,2023,Primula,Anthophora plumipes,FALSE,wild,Anthophora
birmingham,2023,Myosotis,Bombus pascuorum,FALSE,wild,Bombus
birmingham,2023,Symphytum,Anthophora plumipes,FALSE,wild,Anthophora
birmingham,2023,Ulex,Apis mellifera,TRUE,honey,Apis
birmingham,2023,Pentaglottis,Anthophora plumipes,FALSE,wild,Anthophora
birmingham,2023,Pentaglottis,Anthophora plumipes,FALSE,wild,Anthophora
birmingham,2023,Pentaglottis,Osmia bicornis,FALSE,wild,Osmia
birmingham,2023,Taraxacum,Apis mellifera,TRUE,honey,Apis
birmingham,2023,Lamium,Bombus pascuorum,FALSE,wild,Bombus
birmingham,2023,Pentaglottis,Apis mellifera,TRUE,honey,Apis
birmingham,2023,Pentaglottis,Bombus hypnorum,FALSE,wild,Bombus
birmingham,2023,Aubrieta,Anthophora plumipes,FALSE,wild,Anthophora
birmingham,2023,Myosotis,Apis mellifera,TRUE,honey,Apis
birmingham,2023,Taraxacum,Andrena cineraria,FALSE,wild,Andrena
birmingham,2023,Taraxacum,Andrena nitida,FALSE,wild,Andrena
birmingham,2023,Lamium,Bombus hortorum,FALSE,wild,Bombus
birmingham,2023,Lamium,Bombus pascuorum,FALSE,wild,Bombus
birmingham,2023,Taraxacum,Apis mellifera,TRUE,honey,Apis
birmingham,2023,Symphytum,Anthophora plumipes,FALSE,wild,Anthophora
birmingham,2024,Choisya,Apis mellifera,TRUE,honey,Apis
birmingham,2024,Cotoneaster,Bombus terrestris,FALSE,wild,Bombus
birmingham,2024,Taraxacum,Andrena cineraria,FALSE,wild,Andrena
birmingham,2024,Taraxacum,Apis mellifera,TRUE,honey,Apis
birmingham,2024,Pentaglottis,Anthophora plumipes,FALSE,wild,Anthophora
birmingham,2024,Taraxacum,Nomada lathburiana,FALSE,wild,Nomada
birmingham,2024,Pentaglottis,Anthophora plumipes,FALSE,wild,Anthophora
birmingham,2024,Pentaglottis,Apis mellifera,TRUE,honey,Apis
birmingham,2024,Lamium,Bombus pascuorum,FALSE,wild,Bombus
birmingham,2024,Taraxacum,Apis mellifera,TRUE,honey,Apis
birmingham,2024,Pentaglottis,Bombus pascuorum,FALSE,wild,Bombus
birmingham,2024,Pentaglottis,Anthophora plumipes,FALSE,wild,Anthophora
birmingham,2024,Malus,Apis mellifera,TRUE,honey,Apis
birmingham,2024,Lonicera,Apis mellifera,TRUE,honey,Apis
birmingham,2024,Taraxacum,Apis mellifera,TRUE,honey,Apis
birmingham,2024,Centaurea,Bombus pascuorum,FALSE,wild,Bombus
birmingham,2024,Taraxacum,Apis mellifera,TRUE,honey,Apis
birmingham,2024,Taraxacum,Bombus pascuorum,FALSE,wild,Bombus
birmingham,2024,Pentaglottis,Anthophora plumipes,FALSE,wild,Anthophora
birmingham,2024,Pentaglottis,Osmia bicornis,FALSE,wild,Osmia
birmingham,2024,Pentaglottis,Anthophora plumipes,FALSE,wild,Anthophora
birmingham,2024,Pentaglottis,Bombus pascuorum,FALSE,wild,Bombus
birmingham,2024,Teucrium,Anthophora plumipes,FALSE,wild,Anthophora
birmingham,2024,Alliaria,Apis mellifera,TRUE,honey,Apis
birmingham,2024,Pentaglottis,Anthophora plumipes,FALSE,wild,Anthophora
birmingham,2024,Malus,Bombus terrestris,FALSE,wild,Bombus
birmingham,2024,Pentaglottis,Bombus pratorum,FALSE,wild,Bombus
birmingham,2024,Pentaglottis,Bombus pratorum,FALSE,wild,Bombus
birmingham,2024,Myosotis,Apis mellifera,TRUE,honey,Apis
birmingham,2024,Bellis,Andrena fulva,FALSE,wild,Andrena
birmingham,2024,Taraxacum,Bombus terrestris,FALSE,wild,Bombus
birmingham,2024,Taraxacum,Bombus lapidarius,FALSE,wild,Bombus
birmingham,2024,Cotoneaster,Bombus hypnorum,FALSE,wild,Bombus
birmingham,2024,Berberis,Andrena fulva,FALSE,wild,Andrena
birmingham,2024,Lunaria,Anthophora plumipes,FALSE,wild,Anthophora
birmingham,2024,Pentaglottis,Bombus pascuorum,FALSE,wild,Bombus
birmingham,2024,Pentaglottis,Bombus pratorum,FALSE,wild,Bombus
birmingham,2024,Pentaglottis,Bombus hypnorum,FALSE,wild,Bombus
birmingham,2024,Choisya,Apis mellifera,TRUE,honey,Apis
birmingham,2024,Pentaglottis,Bombus pratorum,FALSE,wild,Bombus
birmingham,2024,Lamium,Bombus pratorum,FALSE,wild,Bombus
birmingham,2024,Taraxacum,Apis mellifera,TRUE,honey,Apis
birmingham,2024,Ribes,Anthophora plumipes,FALSE,wild,Anthophora
birmingham,2024,Pentaglottis,Bombus pascuorum,FALSE,wild,Bombus
birmingham,2024,Taraxacum,Osmia bicornis,FALSE,wild,Osmia
birmingham,2024,Lamium,Bombus hortorum,FALSE,wild,Bombus
birmingham,2024,Cytisus,Apis mellifera,TRUE,honey,Apis
birmingham,2024,Pulmonaria,Anthophora plumipes,FALSE,wild,Anthophora
birmingham,2024,Pentaglottis,Apis mellifera,TRUE,honey,Apis
birmingham,2024,Pentaglottis,Apis mellifera,TRUE,honey,Apis
birmingham,2024,Rhododendron,Bombus pratorum,FALSE,wild,Bombus
birmingham,2024,Taraxacum,Bombus pascuorum,FALSE,wild,Bombus
birmingham,2024,Lamium,Bombus pascuorum,FALSE,wild,Bombus
birmingham,2024,Pentaglottis,Bombus terrestris,FALSE,wild,Bombus
birmingham,2024,Rhododendron,Bombus terrestris,FALSE,wild,Bombus
birmingham,2024,Rhododendron,Bombus pascuorum,FALSE,wild,Bombus
birmingham,2024,Taraxacum,Nomada lathburiana,FALSE,wild,Nomada
birmingham,2024,Bellis,Nomada lathburiana,FALSE,wild,Nomada
birmingham,2024,Taraxacum,Andrena cineraria,FALSE,wild,Andrena
birmingham,2024,Taraxacum,Apis mellifera,TRUE,honey,Apis
birmingham,2024,Taraxacum,Andrena nitida,FALSE,wild,Andrena
birmingham,2024,Lamium,Bombus pascuorum,FALSE,wild,Bombus
birmingham,2025,Taraxacum,Apis mellifera,TRUE,honey,Apis
birmingham,2025,Pentaglottis,Bombus pratorum,FALSE,wild,Bombus
birmingham,2025,Pentaglottis,Apis mellifera,TRUE,honey,Apis
birmingham,2025,Angelica,Apis mellifera,TRUE,honey,Apis
birmingham,2025,Taraxacum,Apis mellifera,TRUE,honey,Apis
birmingham,2025,Taraxacum,Apis mellifera,TRUE,honey,Apis
birmingham,2025,Myosotis,Andrena nigroaenea,FALSE,wild,Andrena
birmingham,2025,Pentaglottis,Bombus pratorum,FALSE,wild,Bombus
birmingham,2025,Lamium,Bombus pascuorum,FALSE,wild,Bombus
birmingham,2025,Lamium,Bombus pascuorum,FALSE,wild,Bombus
birmingham,2025,Taraxacum,Apis mellifera,TRUE,honey,Apis
birmingham,2025,Pentaglottis,Osmia bicornis,FALSE,wild,Osmia
birmingham,2025,Senecioneae,Halictus rubicundus,FALSE,wild,Halictus
birmingham,2025,Choisya,Apis mellifera,TRUE,honey,Apis
birmingham,2025,Lamium,Bombus pascuorum,FALSE,wild,Bombus
birmingham,2025,Taraxacum,Apis mellifera,TRUE,honey,Apis
birmingham,2025,Taraxacum,Apis mellifera,TRUE,honey,Apis
birmingham,2025,Ilex,Apis mellifera,TRUE,honey,Apis
birmingham,2025,Malus,Apis mellifera,TRUE,honey,Apis
birmingham,2025,Lamium,Anthophora plumipes,FALSE,wild,Anthophora
birmingham,2025,Ajuga,Bombus pascuorum,FALSE,wild,Bombus
birmingham,2025,Alliaria,Bombus pascuorum,FALSE,wild,Bombus
birmingham,2025,Taraxacum,Andrena cineraria,FALSE,wild,Andrena
birmingham,2025,Ulex,Apis mellifera,TRUE,honey,Apis
birmingham,2025,Symphytum,Anthophora plumipes,FALSE,wild,Anthophora
birmingham,2025,Taraxacum,Andrena cineraria,FALSE,wild,Andrena
birmingham,2025,Myosotis,Apis mellifera,TRUE,honey,Apis
birmingham,2025,Pentaglottis,Apis mellifera,TRUE,honey,Apis
birmingham,2025,Taraxacum,Bombus pascuorum,FALSE,wild,Bombus
birmingham,2025,Myosotis,Apis mellifera,TRUE,honey,Apis
birmingham,2025,Lamium,Anthophora plumipes,FALSE,wild,Anthophora
birmingham,2025,Pentaglottis,Apis mellifera,TRUE,honey,Apis
birmingham,2025,Crataegus,Apis mellifera,TRUE,honey,Apis
birmingham,2025,Taraxacum,Apis mellifera,TRUE,honey,Apis
birmingham,2025,Myosotis,Apis mellifera,TRUE,honey,Apis
birmingham,2025,Myosotis,Apis mellifera,TRUE,honey,Apis
birmingham,2025,Taraxacum,Bombus pascuorum,FALSE,wild,Bombus
birmingham,2025,Taraxacum,Andrena cineraria,FALSE,wild,Andrena
birmingham,2025,Lamium,Bombus pascuorum,FALSE,wild,Bombus
birmingham,2025,Pentaglottis,Apis mellifera,TRUE,honey,Apis
birmingham,2025,Pentaglottis,Anthophora plumipes,FALSE,wild,Anthophora
birmingham,2025,Taraxacum,Bombus pratorum,FALSE,wild,Bombus
birmingham,2025,Taraxacum,Apis mellifera,TRUE,honey,Apis
birmingham,2025,Taraxacum,Bombus pascuorum,FALSE,wild,Bombus
birmingham,2025,Taraxacum,Bombus lapidarius,FALSE,wild,Bombus
birmingham,2025,Lamium,Bombus terrestris,FALSE,wild,Bombus
birmingham,2025,Lamium,Bombus pascuorum,FALSE,wild,Bombus
birmingham,2025,Taraxacum,Bombus pratorum,FALSE,wild,Bombus
birmingham,2025,Taraxacum,Andrena cineraria,FALSE,wild,Andrena
birmingham,2025,Allium,Apis mellifera,TRUE,honey,Apis
birmingham,2025,Allium,Apis mellifera,TRUE,honey,Apis
birmingham,2025,Geranium,Anthophora plumipes,FALSE,wild,Anthophora
birmingham,2025,Taraxacum,Andrena cineraria,FALSE,wild,Andrena
birmingham,2025,Aubrieta,Anthophora plumipes,FALSE,wild,Anthophora
birmingham,2025,Erysimum,Bombus pascuorum,FALSE,wild,Bombus
birmingham,2025,Pentaglottis,Bombus pascuorum,FALSE,wild,Bombus
birmingham,2025,Pulmonaria,Anthophora plumipes,FALSE,wild,Anthophora
birmingham,2025,Taraxacum,Apis mellifera,TRUE,honey,Apis
birmingham,2025,Taraxacum,Bombus lapidarius,FALSE,wild,Bombus
birmingham,2025,Primula,Bombus hortorum,FALSE,wild,Bombus
birmingham,2025,Taraxacum,Apis mellifera,TRUE,honey,Apis
birmingham,2025,Lamium,Bombus pascuorum,FALSE,wild,Bombus
birmingham,2025,Taraxacum,Apis mellifera,TRUE,honey,Apis
birmingham,2025,Taraxacum,Bombus pascuorum,FALSE,wild,Bombus
birmingham,2025,Pentaglottis,Bombus pratorum,FALSE,wild,Bombus
birmingham,2025,Pentaglottis,Apis mellifera,TRUE,honey,Apis
birmingham,2025,Pentaglottis,Bombus hypnorum,FALSE,wild,Bombus
birmingham,2025,Pentaglottis,Anthophora plumipes,FALSE,wild,Anthophora
birmingham,2025,Vicia,Bombus pascuorum,FALSE,wild,Bombus
birmingham,2025,Pentaglottis,Bombus pratorum,FALSE,wild,Bombus
birmingham,2025,Pentaglottis,Bombus hypnorum,FALSE,wild,Bombus
birmingham,2025,Vicia,Bombus pascuorum,FALSE,wild,Bombus
birmingham,2025,Taraxacum,Apis mellifera,TRUE,honey,Apis
birmingham,2025,Myosotis,Osmia bicornis,FALSE,wild,Osmia
birmingham,2025,Erysimum,Anthophora plumipes,FALSE,wild,Anthophora
birmingham,2025,Prunus,Apis mellifera,TRUE,honey,Apis
birmingham,2025,Crataegus,Andrena cineraria,FALSE,wild,Andrena
birmingham,2025,Geranium,Bombus pascuorum,FALSE,wild,Bombus
birmingham,2025,Taraxacum,Bombus pratorum,FALSE,wild,Bombus
birmingham,2025,Pentaglottis,Apis mellifera,TRUE,honey,Apis
birmingham,2025,Pentaglottis,Apis mellifera,TRUE,honey,Apis
birmingham,2025,Pentaglottis,Anthophora plumipes,FALSE,wild,Anthophora
birmingham,2025,Buxus,Apis mellifera,TRUE,honey,Apis
birmingham,2025,Erica,Andrena haemorrhoa,FALSE,wild,Andrena
birmingham,2025,Symphytum,Anthophora plumipes,FALSE,wild,Anthophora
birmingham,2025,Rhododendron,Bombus pratorum,FALSE,wild,Bombus
birmingham,2025,Halesia,Bombus terrestris,FALSE,wild,Bombus
birmingham,2025,Pentaglottis,Bombus pratorum,FALSE,wild,Bombus
birmingham,2025,Taraxacum,Apis mellifera,TRUE,honey,Apis
birmingham,2025,Taraxacum,Andrena cineraria,FALSE,wild,Andrena
birmingham,2025,Taraxacum,Bombus pratorum,FALSE,wild,Bombus
birmingham,2025,Myosotis,Andrena cineraria,FALSE,wild,Andrena
birmingham,2025,Crataegus,Apis mellifera,TRUE,honey,Apis
birmingham,2025,Crataegus,Apis mellifera,TRUE,honey,Apis
birmingham,2025,Cotoneaster,Bombus pratorum,FALSE,wild,Bombus
hull,2023,Lamium,Bombus pascuorum,FALSE,wild,Bombus
hull,2023,Symphytum,Bombus pascuorum,FALSE,wild,Bombus
hull,2023,Lamium,Bombus pascuorum,FALSE,wild,Bombus
hull,2023,Taraxacum,Bombus pascuorum,FALSE,wild,Bombus
hull,2023,Catharanthus,Anthophora plumipes,FALSE,wild,Anthophora
hull,2023,Taraxacum,Bombus pascuorum,FALSE,wild,Bombus
hull,2023,Lamium,Bombus terrestris,FALSE,wild,Bombus
hull,2023,Teucrium,Anthophora plumipes,FALSE,wild,Anthophora
hull,2023,Symphytum,Bombus pascuorum,FALSE,wild,Bombus
hull,2023,Taraxacum,Bombus pratorum,FALSE,wild,Bombus
hull,2023,Taraxacum,Apis mellifera,TRUE,honey,Apis
hull,2023,Lamium,Anthophora plumipes,FALSE,wild,Anthophora
hull,2023,Ceanothus,Bombus pratorum,FALSE,wild,Bombus
hull,2023,Lamium,Bombus pascuorum,FALSE,wild,Bombus
hull,2023,Salvia,Osmia bicornis,FALSE,wild,Osmia
hull,2023,Lamium,Anthophora plumipes,FALSE,wild,Anthophora
hull,2023,Salvia,Osmia bicornis,FALSE,wild,Osmia
hull,2023,Pentaglottis,Osmia bicornis,FALSE,wild,Osmia
hull,2023,Ribes,Anthophora plumipes,FALSE,wild,Anthophora
hull,2023,Taraxacum,Apis mellifera,TRUE,honey,Apis
hull,2023,Taraxacum,Apis mellifera,TRUE,honey,Apis
hull,2023,Taraxacum,Bombus terrestris,FALSE,wild,Bombus
hull,2023,Taraxacum,Apis mellifera,TRUE,honey,Apis
hull,2023,Hyacinthoides,Bombus pascuorum,FALSE,wild,Bombus
hull,2023,Lamium,Anthophora plumipes,FALSE,wild,Anthophora
hull,2023,Taraxacum,Osmia bicornis,FALSE,wild,Osmia
hull,2023,Lamium,Bombus pascuorum,FALSE,wild,Bombus
hull,2024,Lamium,Bombus pascuorum,FALSE,wild,Bombus
hull,2024,Taraxacum,Apis mellifera,TRUE,honey,Apis
hull,2024,Rheum,Apis mellifera,TRUE,honey,Apis
hull,2024,Taraxacum,Bombus terrestris,FALSE,wild,Bombus
hull,2024,Taraxacum,Apis mellifera,TRUE,honey,Apis
hull,2024,Lamium,Bombus pascuorum,FALSE,wild,Bombus
hull,2024,Rubus,Apis mellifera,TRUE,honey,Apis
hull,2024,Lamium,Bombus pascuorum,FALSE,wild,Bombus
hull,2024,Lamium,Bombus pascuorum,FALSE,wild,Bombus
hull,2024,Ribes,Andrena fulva,FALSE,wild,Andrena
hull,2024,Ribes,Andrena fulva,FALSE,wild,Andrena
hull,2024,Berberis,Apis mellifera,TRUE,honey,Apis
hull,2024,Taraxacum,Osmia bicornis,FALSE,wild,Osmia
hull,2024,Prunus,Andrena fulva,FALSE,wild,Andrena
hull,2024,Prunus,Andrena fulva,FALSE,wild,Andrena
hull,2024,Taraxacum,Bombus lapidarius,FALSE,wild,Bombus
hull,2024,Taraxacum,Andrena haemorrhoa,FALSE,wild,Andrena
hull,2024,Taraxacum,Apis mellifera,TRUE,honey,Apis
hull,2024,Taraxacum,Bombus lapidarius,FALSE,wild,Bombus
hull,2024,Taraxacum,Bombus lapidarius,FALSE,wild,Bombus
hull,2024,Taraxacum,Andrena haemorrhoa,FALSE,wild,Andrena
hull,2024,Salvia,Anthophora plumipes,FALSE,wild,Anthophora
hull,2024,Salvia,Anthophora plumipes,FALSE,wild,Anthophora
hull,2025,Berberis,Apis mellifera,TRUE,honey,Apis
hull,2025,Taraxacum,Apis mellifera,TRUE,honey,Apis
hull,2025,Symphytum,Anthophora plumipes,FALSE,wild,Anthophora
hull,2025,Lamium,Bombus pascuorum,FALSE,wild,Bombus
hull,2025,Lamium,Bombus pascuorum,FALSE,wild,Bombus
hull,2025,Lamium,Bombus pratorum,FALSE,wild,Bombus
hull,2025,Alliaria,Bombus pascuorum,FALSE,wild,Bombus
hull,2025,Lamium,Anthophora plumipes,FALSE,wild,Anthophora
hull,2025,Taraxacum,Apis mellifera,TRUE,honey,Apis
hull,2025,Lamium,Bombus pascuorum,FALSE,wild,Bombus
hull,2025,Taraxacum,Bombus pascuorum,FALSE,wild,Bombus
hull,2025,Lamium,Anthophora plumipes,FALSE,wild,Anthophora
hull,2025,Symphytum,Bombus pascuorum,FALSE,wild,Bombus
hull,2025,Lamium,Bombus pascuorum,FALSE,wild,Bombus
hull,2025,Taraxacum,Apis mellifera,TRUE,honey,Apis
hull,2025,Taraxacum,Bombus lapidarius,FALSE,wild,Bombus
hull,2025,Taraxacum,Apis mellifera,TRUE,honey,Apis
hull,2025,Malus,Apis mellifera,TRUE,honey,Apis
hull,2025,Lamium,Bombus pascuorum,FALSE,wild,Bombus
hull,2025,Hyacinthoides,Bombus pratorum,FALSE,wild,Bombus
hull,2025,Ajuga,Bombus pascuorum,FALSE,wild,Bombus
hull,2025,Silene,Bombus hortorum,FALSE,wild,Bombus
hull,2025,Taraxacum,Apis mellifera,TRUE,honey,Apis
hull,2025,Prunus,Andrena haemorrhoa,FALSE,wild,Andrena
hull,2025,Taraxacum,Bombus pascuorum,FALSE,wild,Bombus
hull,2025,Taraxacum,Apis mellifera,TRUE,honey,Apis
hull,2025,Taraxacum,Bombus pascuorum,FALSE,wild,Bombus
hull,2025,Taraxacum,Bombus pascuorum,FALSE,wild,Bombus
liverpool,2019,Lamium,Bombus pascuorum,FALSE,wild,Bombus
liverpool,2019,Salvia,Bombus pascuorum,FALSE,wild,Bombus
liverpool,2019,Hyacinthoides,Bombus lapidarius,FALSE,wild,Bombus
liverpool,2019,Taraxacum,Bombus terrestris,FALSE,wild,Bombus
liverpool,2019,Lamium,Bombus pascuorum,FALSE,wild,Bombus
liverpool,2019,Taraxacum,Bombus pascuorum,FALSE,wild,Bombus
liverpool,2019,Trifolium,Bombus terrestris,FALSE,wild,Bombus
liverpool,2019,Taraxacum,Bombus pratorum,FALSE,wild,Bombus
liverpool,2019,Taraxacum,Bombus pascuorum,FALSE,wild,Bombus
liverpool,2019,Taraxacum,Bombus lapidarius,FALSE,wild,Bombus
liverpool,2019,Taraxacum,Bombus lapidarius,FALSE,wild,Bombus
liverpool,2019,Taraxacum,Bombus lapidarius,FALSE,wild,Bombus
liverpool,2019,Lamium,Bombus lapidarius,FALSE,wild,Bombus
liverpool,2019,Taraxacum,Bombus hypnorum,FALSE,wild,Bombus
liverpool,2019,Taraxacum,Bombus pascuorum,FALSE,wild,Bombus
liverpool,2019,Crataegus,Bombus hypnorum,FALSE,wild,Bombus
liverpool,2019,Taraxacum,Apis mellifera,TRUE,honey,Apis
liverpool,2019,Taraxacum,Apis mellifera,TRUE,honey,Apis
liverpool,2019,Taraxacum,Bombus pratorum,FALSE,wild,Bombus
liverpool,2019,Allium,Bombus hypnorum,FALSE,wild,Bombus
liverpool,2019,Taraxacum,Andrena haemorrhoa,FALSE,wild,Andrena
liverpool,2020,Taraxacum,Apis mellifera,TRUE,honey,Apis
liverpool,2020,Taraxacum,Bombus pratorum,FALSE,wild,Bombus
liverpool,2020,Malus,Bombus pascuorum,FALSE,wild,Bombus
liverpool,2020,Lamium,Bombus pascuorum,FALSE,wild,Bombus
liverpool,2020,Ceanothus,Bombus hypnorum,FALSE,wild,Bombus
liverpool,2020,Erysimum,Bombus pascuorum,FALSE,wild,Bombus
liverpool,2020,Ceanothus,Bombus pratorum,FALSE,wild,Bombus
liverpool,2020,Taraxacum,Bombus lapidarius,FALSE,wild,Bombus
liverpool,2020,Taraxacum,Bombus bohemicus,FALSE,wild,Bombus
liverpool,2020,Taraxacum,Bombus lapidarius,FALSE,wild,Bombus
liverpool,2020,Symphytum,Bombus pascuorum,FALSE,wild,Bombus
liverpool,2020,Malus,Bombus hypnorum,FALSE,wild,Bombus
liverpool,2020,Crataegus,Andrena cineraria,FALSE,wild,Andrena
liverpool,2020,Crataegus,Andrena cineraria,FALSE,wild,Andrena
liverpool,2020,Crataegus,Apis mellifera,TRUE,honey,Apis
liverpool,2020,Taraxacum,Andrena cineraria,FALSE,wild,Andrena
liverpool,2020,Aesculus,Andrena cineraria,FALSE,wild,Andrena
liverpool,2020,Malus,Apis mellifera,TRUE,honey,Apis
liverpool,2020,Weigela,Bombus pascuorum,FALSE,wild,Bombus
liverpool,2021,Smyrnium,Apis mellifera,TRUE,honey,Apis
liverpool,2021,Taraxacum,Bombus pratorum,FALSE,wild,Bombus
liverpool,2021,Pentaglottis,Bombus pratorum,FALSE,wild,Bombus
liverpool,2021,Lamium,Bombus pratorum,FALSE,wild,Bombus
liverpool,2021,Lamium,Bombus pascuorum,FALSE,wild,Bombus
liverpool,2021,Erysimum,Apis mellifera,TRUE,honey,Apis
liverpool,2021,Taraxacum,Bombus hypnorum,FALSE,wild,Bombus
liverpool,2021,Taraxacum,Apis mellifera,TRUE,honey,Apis
liverpool,2021,Papaver,Andrena flavipes,FALSE,wild,Andrena
liverpool,2021,Crataegus,Andrena haemorrhoa,FALSE,wild,Andrena
liverpool,2021,Taraxacum,Bombus vestalis,FALSE,wild,Bombus
liverpool,2021,Taraxacum,Apis mellifera,TRUE,honey,Apis
liverpool,2021,Taraxacum,Apis mellifera,TRUE,honey,Apis
liverpool,2021,Lamium,Bombus pascuorum,FALSE,wild,Bombus
liverpool,2021,Pentaglottis,Osmia bicornis,FALSE,wild,Osmia
liverpool,2021,Hyacinthoides,Bombus pascuorum,FALSE,wild,Bombus
liverpool,2021,Myosotis,Bombus pratorum,FALSE,wild,Bombus
liverpool,2021,Malus,Apis mellifera,TRUE,honey,Apis
liverpool,2021,Rhododendron,Bombus hypnorum,FALSE,wild,Bombus
liverpool,2021,Taraxacum,Bombus pascuorum,FALSE,wild,Bombus
liverpool,2021,Taraxacum,Apis mellifera,TRUE,honey,Apis
liverpool,2021,Hyacinthoides,Bombus pascuorum,FALSE,wild,Bombus
liverpool,2021,Taraxacum,Andrena nigroaenea,FALSE,wild,Andrena
liverpool,2021,Malus,Bombus hypnorum,FALSE,wild,Bombus
liverpool,2021,Lamium,Bombus pascuorum,FALSE,wild,Bombus
liverpool,2021,Taraxacum,Bombus lapidarius,FALSE,wild,Bombus
liverpool,2021,Erysimum,Bombus pascuorum,FALSE,wild,Bombus
liverpool,2021,Lamium,Bombus pascuorum,FALSE,wild,Bombus
liverpool,2021,Lamium,Bombus pratorum,FALSE,wild,Bombus
liverpool,2022,Lamium,Bombus pascuorum,FALSE,wild,Bombus
liverpool,2022,Taraxacum,Apis mellifera,TRUE,honey,Apis
liverpool,2022,Pentaglottis,Bombus pascuorum,FALSE,wild,Bombus
liverpool,2022,Pentaglottis,Osmia bicornis,FALSE,wild,Osmia
liverpool,2022,Salvia,Bombus pratorum,FALSE,wild,Bombus
liverpool,2022,Salvia,Anthophora plumipes,FALSE,wild,Anthophora
liverpool,2022,Salvia,Anthophora plumipes,FALSE,wild,Anthophora
liverpool,2022,Malus,Bombus hypnorum,FALSE,wild,Bombus
liverpool,2022,Taraxacum,Bombus lapidarius,FALSE,wild,Bombus
liverpool,2022,Crataegus,Apis mellifera,TRUE,honey,Apis
liverpool,2022,Salvia,Bombus pascuorum,FALSE,wild,Bombus
liverpool,2022,Rhododendron,Bombus pratorum,FALSE,wild,Bombus
liverpool,2022,Malus,Bombus hortorum,FALSE,wild,Bombus
liverpool,2022,Taraxacum,Bombus pascuorum,FALSE,wild,Bombus
liverpool,2022,Taraxacum,Apis mellifera,TRUE,honey,Apis
liverpool,2022,Libertia,Bombus pratorum,FALSE,wild,Bombus
liverpool,2022,Rhododendron,Bombus terrestris,FALSE,wild,Bombus
liverpool,2022,Rhododendron,Bombus pratorum,FALSE,wild,Bombus
liverpool,2022,Taraxacum,Apis mellifera,TRUE,honey,Apis
liverpool,2022,Lamium,Bombus pascuorum,FALSE,wild,Bombus
liverpool,2022,Malus,Bombus pascuorum,FALSE,wild,Bombus
liverpool,2022,Taraxacum,Apis mellifera,TRUE,honey,Apis
liverpool,2022,Taraxacum,Bombus pascuorum,FALSE,wild,Bombus
liverpool,2022,Symphytum,Bombus pascuorum,FALSE,wild,Bombus
liverpool,2022,Hyacinthoides,Bombus hortorum,FALSE,wild,Bombus
liverpool,2022,Taraxacum,Andrena haemorrhoa,FALSE,wild,Andrena
liverpool,2022,Taraxacum,Bombus pascuorum,FALSE,wild,Bombus
liverpool,2023,Erysimum,Bombus pascuorum,FALSE,wild,Bombus
liverpool,2023,Helleborus,Bombus pratorum,FALSE,wild,Bombus
liverpool,2023,Lamium,Bombus pascuorum,FALSE,wild,Bombus
liverpool,2023,Lamium,Bombus pascuorum,FALSE,wild,Bombus
liverpool,2023,Allium,Bombus pascuorum,FALSE,wild,Bombus
liverpool,2023,Taraxacum,Bombus pascuorum,FALSE,wild,Bombus
liverpool,2023,Berberis,Bombus pratorum,FALSE,wild,Bombus
liverpool,2023,Salvia,Bombus pascuorum,FALSE,wild,Bombus
liverpool,2023,Primula,Anthophora plumipes,FALSE,wild,Anthophora
liverpool,2023,Hyacinthoides,Bombus terrestris,FALSE,wild,Bombus
liverpool,2023,Taraxacum,Andrena cineraria,FALSE,wild,Andrena
liverpool,2023,Salix,Andrena cineraria,FALSE,wild,Andrena
liverpool,2023,Brassica,Andrena cineraria,FALSE,wild,Andrena
liverpool,2023,Taraxacum,Apis mellifera,TRUE,honey,Apis
liverpool,2023,Taraxacum,Apis mellifera,TRUE,honey,Apis
liverpool,2023,Taraxacum,Apis mellifera,TRUE,honey,Apis
liverpool,2023,Taraxacum,Apis mellifera,TRUE,honey,Apis
liverpool,2023,Symphytum,Bombus pascuorum,FALSE,wild,Bombus
liverpool,2023,Hyacinthoides,Bombus pratorum,FALSE,wild,Bombus
liverpool,2023,Salvia,Anthophora plumipes,FALSE,wild,Anthophora
liverpool,2023,Taraxacum,Nomada goodeniana,FALSE,wild,Nomada
liverpool,2023,Salvia,Bombus pascuorum,FALSE,wild,Bombus
liverpool,2023,Myosotis,Osmia bicornis,FALSE,wild,Osmia
liverpool,2023,Salvia,Bombus hypnorum,FALSE,wild,Bombus
liverpool,2023,Salvia,Anthophora plumipes,FALSE,wild,Anthophora
liverpool,2023,Hyacinthoides,Bombus pascuorum,FALSE,wild,Bombus
liverpool,2023,Taraxacum,Apis mellifera,TRUE,honey,Apis
liverpool,2023,Taraxacum,Bombus pascuorum,FALSE,wild,Bombus
liverpool,2023,Pentaglottis,Bombus lapidarius,FALSE,wild,Bombus
liverpool,2023,Taraxacum,Bombus terrestris,FALSE,wild,Bombus
liverpool,2023,Taraxacum,Bombus pratorum,FALSE,wild,Bombus
liverpool,2023,Lamium,Anthophora plumipes,FALSE,wild,Anthophora
liverpool,2023,Rhododendron,Bombus hypnorum,FALSE,wild,Bombus
liverpool,2023,Rhododendron,Bombus hortorum,FALSE,wild,Bombus
liverpool,2023,Lamium,Bombus pascuorum,FALSE,wild,Bombus
liverpool,2023,Lamium,Bombus pratorum,FALSE,wild,Bombus
liverpool,2024,Taraxacum,Apis mellifera,TRUE,honey,Apis
liverpool,2024,Taraxacum,Apis mellifera,TRUE,honey,Apis
liverpool,2024,Taraxacum,Apis mellifera,TRUE,honey,Apis
liverpool,2024,Bellis,Andrena fulva,FALSE,wild,Andrena
liverpool,2024,Taraxacum,Bombus lapidarius,FALSE,wild,Bombus
liverpool,2024,Taraxacum,Andrena haemorrhoa,FALSE,wild,Andrena
liverpool,2024,Pentaglottis,Bombus pratorum,FALSE,wild,Bombus
liverpool,2024,Salvia,Bombus pascuorum,FALSE,wild,Bombus
liverpool,2024,Salix,Colletes cunicularius,FALSE,wild,Colletes
liverpool,2024,Taraxacum,Apis mellifera,TRUE,honey,Apis
liverpool,2024,Hyacinthoides,Bombus lapidarius,FALSE,wild,Bombus
liverpool,2024,Hyacinthoides,Bombus lapidarius,FALSE,wild,Bombus
liverpool,2024,Taraxacum,Andrena nitida,FALSE,wild,Andrena
liverpool,2024,Salvia,Anthophora plumipes,FALSE,wild,Anthophora
liverpool,2024,Salvia,Anthophora plumipes,FALSE,wild,Anthophora
liverpool,2024,Salvia,Osmia bicornis,FALSE,wild,Osmia
liverpool,2024,Symphytum,Bombus pascuorum,FALSE,wild,Bombus
liverpool,2024,Salvia,Bombus pascuorum,FALSE,wild,Bombus
liverpool,2024,Alliaria,Bombus pascuorum,FALSE,wild,Bombus
liverpool,2024,Taraxacum,Apis mellifera,TRUE,honey,Apis
liverpool,2024,Taraxacum,Bombus pascuorum,FALSE,wild,Bombus
liverpool,2024,Taraxacum,Apis mellifera,TRUE,honey,Apis
liverpool,2024,Primula,Apis mellifera,TRUE,honey,Apis
liverpool,2024,Salvia,Bombus hypnorum,FALSE,wild,Bombus
liverpool,2024,Pentaglottis,Bombus pascuorum,FALSE,wild,Bombus
liverpool,2024,Taraxacum,Andrena cineraria,FALSE,wild,Andrena
liverpool,2024,Taraxacum,Andrena cineraria,FALSE,wild,Andrena
liverpool,2024,Taraxacum,Apis mellifera,TRUE,honey,Apis
liverpool,2024,Pentaglottis,Bombus pratorum,FALSE,wild,Bombus
liverpool,2024,Pentaglottis,Bombus pascuorum,FALSE,wild,Bombus
liverpool,2024,Symphytum,Anthophora plumipes,FALSE,wild,Anthophora
liverpool,2024,Taraxacum,Apis mellifera,TRUE,honey,Apis
liverpool,2024,Taraxacum,Apis mellifera,TRUE,honey,Apis
liverpool,2024,Taraxacum,Bombus pascuorum,FALSE,wild,Bombus
liverpool,2024,Lamium,Bombus pascuorum,FALSE,wild,Bombus
liverpool,2024,Salix,Colletes cunicularius,FALSE,wild,Colletes
liverpool,2024,Geranium,Bombus pascuorum,FALSE,wild,Bombus
liverpool,2025,Erysimum,Anthophora plumipes,FALSE,wild,Anthophora
liverpool,2025,Fumaria,Anthophora plumipes,FALSE,wild,Anthophora
liverpool,2025,Taraxacum,Bombus pascuorum,FALSE,wild,Bombus
liverpool,2025,Taraxacum,Bombus lapidarius,FALSE,wild,Bombus
liverpool,2025,Lamium,Anthophora plumipes,FALSE,wild,Anthophora
liverpool,2025,Lamium,Bombus pascuorum,FALSE,wild,Bombus
liverpool,2025,Smyrnium,Apis mellifera,TRUE,honey,Apis
liverpool,2025,Osteospermum,Bombus pascuorum,FALSE,wild,Bombus
liverpool,2025,Smyrnium,Apis mellifera,TRUE,honey,Apis
liverpool,2025,Malus,Bombus hortorum,FALSE,wild,Bombus
liverpool,2025,Taraxacum,Bombus lapidarius,FALSE,wild,Bombus
liverpool,2025,Malus,Bombus pratorum,FALSE,wild,Bombus
liverpool,2025,Malus,Apis mellifera,TRUE,honey,Apis
liverpool,2025,Symphytum,Anthophora plumipes,FALSE,wild,Anthophora
liverpool,2025,Taraxacum,Bombus lapidarius,FALSE,wild,Bombus
liverpool,2025,Ceanothus,Apis mellifera,TRUE,honey,Apis
liverpool,2025,Vicia,Bombus hortorum,FALSE,wild,Bombus
liverpool,2025,Taraxacum,Apis mellifera,TRUE,honey,Apis
liverpool,2025,Taraxacum,Andrena haemorrhoa,FALSE,wild,Andrena
liverpool,2025,Hyacinthoides,Bombus pascuorum,FALSE,wild,Bombus
liverpool,2025,Pentaglottis,Apis mellifera,TRUE,honey,Apis
liverpool,2025,Taraxacum,Apis mellifera,TRUE,honey,Apis
liverpool,2025,Vinca,Bombus pascuorum,FALSE,wild,Bombus
liverpool,2025,Lamium,Bombus pascuorum,FALSE,wild,Bombus
liverpool,2025,Taraxacum,Andrena cineraria,FALSE,wild,Andrena
liverpool,2025,Taraxacum,Apis mellifera,TRUE,honey,Apis
liverpool,2025,Ceanothus,Apis mellifera,TRUE,honey,Apis
liverpool,2025,Malus,Bombus pratorum,FALSE,wild,Bombus
liverpool,2025,Hyacinthoides,Andrena fulva,FALSE,wild,Andrena
liverpool,2025,Ulex,Anthophora plumipes,FALSE,wild,Anthophora
liverpool,2025,Pentaglottis,Anthophora plumipes,FALSE,wild,Anthophora
liverpool,2025,Taraxacum,Apis mellifera,TRUE,honey,Apis
liverpool,2025,Taraxacum,Apis mellifera,TRUE,honey,Apis
liverpool,2025,Pentaglottis,Bombus pratorum,FALSE,wild,Bombus
liverpool,2025,Pentaglottis,Apis mellifera,TRUE,honey,Apis
liverpool,2025,Taraxacum,Apis mellifera,TRUE,honey,Apis
liverpool,2025,Taraxacum,Apis mellifera,TRUE,honey,Apis
liverpool,2025,Taraxacum,Apis mellifera,TRUE,honey,Apis
liverpool,2025,Taraxacum,Apis mellifera,TRUE,honey,Apis
liverpool,2025,Taraxacum,Apis mellifera,TRUE,honey,Apis
liverpool,2025,Taraxacum,Apis mellifera,TRUE,honey,Apis
liverpool,2025,Taraxacum,Apis mellifera,TRUE,honey,Apis
liverpool,2025,Taraxacum,Apis mellifera,TRUE,honey,Apis
liverpool,2025,Taraxacum,Apis mellifera,TRUE,honey,Apis
liverpool,2025,Taraxacum,Andrena haemorrhoa,FALSE,wild,Andrena
liverpool,2025,Malus,Apis mellifera,TRUE,honey,Apis
liverpool,2025,Taraxacum,Apis mellifera,TRUE,honey,Apis
liverpool,2025,Taraxacum,Apis mellifera,TRUE,honey,Apis
liverpool,2025,Taraxacum,Apis mellifera,TRUE,honey,Apis
liverpool,2025,Taraxacum,Apis mellifera,TRUE,honey,Apis
liverpool,2025,Taraxacum,Apis mellifera,TRUE,honey,Apis
liverpool,2025,Taraxacum,Bombus pascuorum,FALSE,wild,Bombus
liverpool,2025,Taraxacum,Apis mellifera,TRUE,honey,Apis
liverpool,2025,Cotoneaster,Apis mellifera,TRUE,honey,Apis
liverpool,2025,Taraxacum,Apis mellifera,TRUE,honey,Apis
liverpool,2025,Smyrnium,Apis mellifera,TRUE,honey,Apis
liverpool,2025,Pentaglottis,Apis mellifera,TRUE,honey,Apis
liverpool,2025,Taraxacum,Apis mellifera,TRUE,honey,Apis
liverpool,2025,Taraxacum,Andrena cineraria,FALSE,wild,Andrena
liverpool,2025,Taraxacum,Andrena cineraria,FALSE,wild,Andrena
liverpool,2025,Taraxacum,Bombus pascuorum,FALSE,wild,Bombus
liverpool,2025,Cardamine,Bombus pascuorum,FALSE,wild,Bombus
liverpool,2025,Taraxacum,Apis mellifera,TRUE,honey,Apis
liverpool,2025,Ajuga,Bombus pascuorum,FALSE,wild,Bombus
liverpool,2025,Taraxacum,Andrena haemorrhoa,FALSE,wild,Andrena
liverpool,2025,Lamium,Bombus pascuorum,FALSE,wild,Bombus
liverpool,2025,Taraxacum,Apis mellifera,TRUE,honey,Apis
liverpool,2025,Taraxacum,Apis mellifera,TRUE,honey,Apis
liverpool,2025,Taraxacum,Apis mellifera,TRUE,honey,Apis
liverpool,2025,Taraxacum,Apis mellifera,TRUE,honey,Apis
liverpool,2025,Taraxacum,Apis mellifera,TRUE,honey,Apis
liverpool,2025,Brassica,Apis mellifera,TRUE,honey,Apis
liverpool,2025,Taraxacum,Apis mellifera,TRUE,honey,Apis
liverpool,2025,Hyacinthoides,Apis mellifera,TRUE,honey,Apis
liverpool,2025,Taraxacum,Apis mellifera,TRUE,honey,Apis
liverpool,2025,Malus,Apis mellifera,TRUE,honey,Apis
liverpool,2025,Taraxacum,Apis mellifera,TRUE,honey,Apis
liverpool,2025,Rhododendron,Bombus pascuorum,FALSE,wild,Bombus
liverpool,2025,Berberis,Andrena fulva,FALSE,wild,Andrena
liverpool,2025,Taraxacum,Apis mellifera,TRUE,honey,Apis
liverpool,2025,Taraxacum,Apis mellifera,TRUE,honey,Apis
liverpool,2025,Malus,Bombus pratorum,FALSE,wild,Bombus
liverpool,2025,Taraxacum,Apis mellifera,TRUE,honey,Apis
liverpool,2025,Taraxacum,Apis mellifera,TRUE,honey,Apis
liverpool,2025,Taraxacum,Bombus pascuorum,FALSE,wild,Bombus
liverpool,2025,Taraxacum,Bombus lapidarius,FALSE,wild,Bombus
liverpool,2025,Malus,Bombus terrestris,FALSE,wild,Bombus
liverpool,2025,Pentaglottis,Osmia bicornis,FALSE,wild,Osmia
liverpool,2025,Ranunculus,Bombus pascuorum,FALSE,wild,Bombus
liverpool,2025,Brassica,Bombus lapidarius,FALSE,wild,Bombus
liverpool,2025,Taraxacum,Bombus lapidarius,FALSE,wild,Bombus
london,2018,Symphytum,Bombus pascuorum,FALSE,wild,Bombus
london,2018,Hyacinthoides,Bombus pascuorum,FALSE,wild,Bombus
london,2018,Symphytum,Bombus pascuorum,FALSE,wild,Bombus
london,2019,Pentaglottis,Apis mellifera,TRUE,honey,Apis
london,2019,Myosotis,Apis mellifera,TRUE,honey,Apis
london,2019,Allium,Apis mellifera,TRUE,honey,Apis
london,2019,Pentaglottis,Bombus terrestris,FALSE,wild,Bombus
london,2019,Symphytum,Anthophora plumipes,FALSE,wild,Anthophora
london,2019,Lamium,Bombus pascuorum,FALSE,wild,Bombus
london,2019,Malus,Bombus pascuorum,FALSE,wild,Bombus
london,2019,Lamium,Bombus pascuorum,FALSE,wild,Bombus
london,2019,Symphytum,Anthophora plumipes,FALSE,wild,Anthophora
london,2019,Taraxacum,Apis mellifera,TRUE,honey,Apis
london,2019,Pentaglottis,Apis mellifera,TRUE,honey,Apis
london,2019,Pentaglottis,Apis mellifera,TRUE,honey,Apis
london,2019,Crataegus,Apis mellifera,TRUE,honey,Apis
london,2019,Pentaglottis,Apis mellifera,TRUE,honey,Apis
london,2019,Pentaglottis,Apis mellifera,TRUE,honey,Apis
london,2019,Lamium,Bombus pascuorum,FALSE,wild,Bombus
london,2019,Lamium,Anthophora plumipes,FALSE,wild,Anthophora
london,2020,Pentaglottis,Apis mellifera,TRUE,honey,Apis
london,2020,Petunia,Bombus pascuorum,FALSE,wild,Bombus
london,2020,Lamium,Bombus pascuorum,FALSE,wild,Bombus
london,2020,Malus,Apis mellifera,TRUE,honey,Apis
london,2020,Bellis,Apis mellifera,TRUE,honey,Apis
london,2020,Salvia,Apis mellifera,TRUE,honey,Apis
london,2020,Rubus,Anthophora plumipes,FALSE,wild,Anthophora
london,2020,Pentaglottis,Bombus pratorum,FALSE,wild,Bombus
london,2020,Weigela,Anthophora plumipes,FALSE,wild,Anthophora
london,2020,Lamium,Bombus pascuorum,FALSE,wild,Bombus
london,2020,Vicia,Bombus pascuorum,FALSE,wild,Bombus
london,2020,Symphytum,Bombus pascuorum,FALSE,wild,Bombus
london,2020,Malus,Apis mellifera,TRUE,honey,Apis
london,2020,Phacelia,Bombus lapidarius,FALSE,wild,Bombus
london,2020,Pentaglottis,Apis mellifera,TRUE,honey,Apis
london,2020,Choisya,Apis mellifera,TRUE,honey,Apis
london,2020,Pentaglottis,Andrena flavipes,FALSE,wild,Andrena
london,2020,Pentaglottis,Bombus pratorum,FALSE,wild,Bombus
london,2020,Pentaglottis,Bombus terrestris,FALSE,wild,Bombus
london,2020,Pentaglottis,Bombus pascuorum,FALSE,wild,Bombus
london,2020,Ceanothus,Apis mellifera,TRUE,honey,Apis
london,2020,Pentaglottis,Bombus pascuorum,FALSE,wild,Bombus
london,2020,Glechoma,Anthophora plumipes,FALSE,wild,Anthophora
london,2020,Glechoma,Anthophora plumipes,FALSE,wild,Anthophora
london,2020,Pentaglottis,Apis mellifera,TRUE,honey,Apis
london,2020,Pentaglottis,Apis mellifera,TRUE,honey,Apis
london,2020,Narcissus,Bombus terrestris,FALSE,wild,Bombus
london,2020,Brassica,Bombus pascuorum,FALSE,wild,Bombus
london,2020,Salvia,Anthophora plumipes,FALSE,wild,Anthophora
london,2020,Ajuga,Anthophora plumipes,FALSE,wild,Anthophora
london,2020,Erysimum,Anthophora plumipes,FALSE,wild,Anthophora
london,2020,Pentaglottis,Apis mellifera,TRUE,honey,Apis
london,2021,Taraxacum,Nomada goodeniana,FALSE,wild,Nomada
london,2021,Glechoma,Bombus pascuorum,FALSE,wild,Bombus
london,2021,Lamium,Anthophora plumipes,FALSE,wild,Anthophora
london,2021,Pentaglottis,Anthophora plumipes,FALSE,wild,Anthophora
london,2021,Lamium,Bombus pascuorum,FALSE,wild,Bombus
london,2021,Taraxacum,Apis mellifera,TRUE,honey,Apis
london,2021,Malus,Apis mellifera,TRUE,honey,Apis
london,2021,Malus,Bombus terrestris,FALSE,wild,Bombus
london,2021,Lamium,Anthophora plumipes,FALSE,wild,Anthophora
london,2021,Taraxacum,Apis mellifera,TRUE,honey,Apis
london,2021,Lamium,Bombus lapidarius,FALSE,wild,Bombus
london,2021,Vaccinium,Anthophora plumipes,FALSE,wild,Anthophora
london,2021,Salvia,Apis mellifera,TRUE,honey,Apis
london,2021,Ceanothus,Bombus hypnorum,FALSE,wild,Bombus
london,2021,Pentaglottis,Apis mellifera,TRUE,honey,Apis
london,2021,Malus,Apis mellifera,TRUE,honey,Apis
london,2021,Taraxacum,Apis mellifera,TRUE,honey,Apis
london,2021,Lamium,Anthophora plumipes,FALSE,wild,Anthophora
london,2021,Hyacinthoides,Bombus lapidarius,FALSE,wild,Bombus
london,2021,Pentaglottis,Apis mellifera,TRUE,honey,Apis
london,2021,Symphytum,Bombus pascuorum,FALSE,wild,Bombus
london,2021,Lamium,Bombus hortorum,FALSE,wild,Bombus
london,2021,Brassica,Apis mellifera,TRUE,honey,Apis
london,2021,Salvia,Bombus pratorum,FALSE,wild,Bombus
london,2021,Acer,Bombus terrestris,FALSE,wild,Bombus
london,2021,Pentaglottis,Apis mellifera,TRUE,honey,Apis
london,2021,Malus,Bombus hypnorum,FALSE,wild,Bombus
london,2021,Hyacinthoides,Andrena flavipes,FALSE,wild,Andrena
london,2021,Malus,Anthophora plumipes,FALSE,wild,Anthophora
london,2021,Malus,Bombus terrestris,FALSE,wild,Bombus
london,2021,Pentaglottis,Anthophora plumipes,FALSE,wild,Anthophora
london,2021,Pentaglottis,Osmia bicornis,FALSE,wild,Osmia
london,2022,Symphytum,Anthophora plumipes,FALSE,wild,Anthophora
london,2022,Lamium,Bombus pascuorum,FALSE,wild,Bombus
london,2022,Nepeta,Anthophora plumipes,FALSE,wild,Anthophora
london,2022,Lamium,Anthophora plumipes,FALSE,wild,Anthophora
london,2022,Pentaglottis,Apis mellifera,TRUE,honey,Apis
london,2022,Crataegus,Apis mellifera,TRUE,honey,Apis
london,2022,Crataegus,Apis mellifera,TRUE,honey,Apis
london,2022,Taraxacum,Bombus pascuorum,FALSE,wild,Bombus
london,2022,Pentaglottis,Apis mellifera,TRUE,honey,Apis
london,2022,Pentaglottis,Apis mellifera,TRUE,honey,Apis
london,2022,Pentaglottis,Apis mellifera,TRUE,honey,Apis
london,2022,Pentaglottis,Bombus pascuorum,FALSE,wild,Bombus
london,2022,Pentaglottis,Apis mellifera,TRUE,honey,Apis
london,2022,Pentaglottis,Apis mellifera,TRUE,honey,Apis
london,2022,Pentaglottis,Apis mellifera,TRUE,honey,Apis
london,2022,Pentaglottis,Apis mellifera,TRUE,honey,Apis
london,2022,Pentaglottis,Apis mellifera,TRUE,honey,Apis
london,2022,Pentaglottis,Apis mellifera,TRUE,honey,Apis
london,2022,Pentaglottis,Apis mellifera,TRUE,honey,Apis
london,2022,Taraxacum,Apis mellifera,TRUE,honey,Apis
london,2022,Taraxacum,Apis mellifera,TRUE,honey,Apis
london,2022,Pentaglottis,Bombus pascuorum,FALSE,wild,Bombus
london,2022,Geranium,Anthophora plumipes,FALSE,wild,Anthophora
london,2022,Pentaglottis,Apis mellifera,TRUE,honey,Apis
london,2022,Pentaglottis,Bombus pratorum,FALSE,wild,Bombus
london,2022,Cytisus,Bombus pratorum,FALSE,wild,Bombus
london,2022,Centaurea,Bombus pascuorum,FALSE,wild,Bombus
london,2022,Centaurea,Bombus pascuorum,FALSE,wild,Bombus
london,2022,Taraxacum,Apis mellifera,TRUE,honey,Apis
london,2022,Vicia,Bombus pascuorum,FALSE,wild,Bombus
london,2022,Berberis,Bombus terrestris,FALSE,wild,Bombus
london,2022,Myosotis,Apis mellifera,TRUE,honey,Apis
london,2022,Malus,Apis mellifera,TRUE,honey,Apis
london,2022,Borago,Apis mellifera,TRUE,honey,Apis
london,2022,Borago,Bombus pratorum,FALSE,wild,Bombus
london,2022,Symphytum,Bombus pascuorum,FALSE,wild,Bombus
london,2022,Pentaglottis,Apis mellifera,TRUE,honey,Apis
london,2022,Pentaglottis,Bombus pascuorum,FALSE,wild,Bombus
london,2022,Hyacinthoides,Bombus pascuorum,FALSE,wild,Bombus
london,2022,Pentaglottis,Apis mellifera,TRUE,honey,Apis
london,2022,Pentaglottis,Bombus terrestris,FALSE,wild,Bombus
london,2022,Malus,Apis mellifera,TRUE,honey,Apis
london,2023,Pentaglottis,Anthophora plumipes,FALSE,wild,Anthophora
london,2023,Syringa,Bombus terrestris,FALSE,wild,Bombus
london,2023,Prunus,Apis mellifera,TRUE,honey,Apis
london,2023,Prunus,Apis mellifera,TRUE,honey,Apis
london,2023,Lamium,Bombus pascuorum,FALSE,wild,Bombus
london,2023,Pentaglottis,Anthophora plumipes,FALSE,wild,Anthophora
london,2023,Myosotis,Anthophora plumipes,FALSE,wild,Anthophora
london,2023,Pentaglottis,Bombus pascuorum,FALSE,wild,Bombus
london,2023,Taraxacum,Apis mellifera,TRUE,honey,Apis
london,2023,Pentaglottis,Apis mellifera,TRUE,honey,Apis
london,2023,Taraxacum,Apis mellifera,TRUE,honey,Apis
london,2023,Lamium,Anthophora plumipes,FALSE,wild,Anthophora
london,2023,Pentaglottis,Bombus pascuorum,FALSE,wild,Bombus
london,2023,Pentaglottis,Osmia bicornis,FALSE,wild,Osmia
london,2023,Pentaglottis,Osmia bicornis,FALSE,wild,Osmia
london,2023,Pentaglottis,Anthophora plumipes,FALSE,wild,Anthophora
london,2023,Lamium,Anthophora plumipes,FALSE,wild,Anthophora
london,2023,Pentaglottis,Bombus pascuorum,FALSE,wild,Bombus
london,2023,Ulex,Anthophora plumipes,FALSE,wild,Anthophora
london,2023,Malus,Andrena fulva,FALSE,wild,Andrena
london,2023,Pentaglottis,Bombus pascuorum,FALSE,wild,Bombus
london,2023,Ranunculales,Andrena labiata,FALSE,wild,Andrena
london,2023,Smyrnium,Apis mellifera,TRUE,honey,Apis
london,2023,Pentaglottis,Apis mellifera,TRUE,honey,Apis
london,2023,Lamium,Anthophora plumipes,FALSE,wild,Anthophora
london,2023,Taraxacum,Andrena haemorrhoa,FALSE,wild,Andrena
london,2023,Taraxacum,Andrena haemorrhoa,FALSE,wild,Andrena
london,2023,Pentaglottis,Bombus terrestris,FALSE,wild,Bombus
london,2023,Salvia,Apis mellifera,TRUE,honey,Apis
london,2023,Pentaglottis,Anthophora plumipes,FALSE,wild,Anthophora
london,2023,Bellis,Andrena labiata,FALSE,wild,Andrena
london,2023,Hyacinthoides,Bombus terrestris,FALSE,wild,Bombus
london,2023,Salvia,Apis mellifera,TRUE,honey,Apis
london,2023,Taraxacum,Apis mellifera,TRUE,honey,Apis
london,2023,Taraxacum,Apis mellifera,TRUE,honey,Apis
london,2023,Pentaglottis,Apis mellifera,TRUE,honey,Apis
london,2023,Pentaglottis,Apis mellifera,TRUE,honey,Apis
london,2023,Ornithogalum,Apis mellifera,TRUE,honey,Apis
london,2023,Pentaglottis,Apis mellifera,TRUE,honey,Apis
london,2023,Lamium,Bombus pascuorum,FALSE,wild,Bombus
london,2023,Lamium,Anthophora plumipes,FALSE,wild,Anthophora
london,2023,Lamium,Bombus pascuorum,FALSE,wild,Bombus
london,2023,Pentaglottis,Osmia bicornis,FALSE,wild,Osmia
london,2023,Taraxacum,Andrena haemorrhoa,FALSE,wild,Andrena
london,2023,Rhododendron,Bombus terrestris,FALSE,wild,Bombus
london,2023,Pentaglottis,Apis mellifera,TRUE,honey,Apis
london,2023,Lamium,Anthophora plumipes,FALSE,wild,Anthophora
london,2023,Brassica,Apis mellifera,TRUE,honey,Apis
london,2023,Brassica,Anthophora plumipes,FALSE,wild,Anthophora
london,2023,Taraxacum,Apis mellifera,TRUE,honey,Apis
london,2023,Pentaglottis,Apis mellifera,TRUE,honey,Apis
london,2023,Lamium,Bombus pascuorum,FALSE,wild,Bombus
london,2023,Allium,Andrena cineraria,FALSE,wild,Andrena
london,2023,Pentaglottis,Anthophora plumipes,FALSE,wild,Anthophora
london,2023,Berberis,Bombus pascuorum,FALSE,wild,Bombus
london,2023,Hyacinthoides,Apis mellifera,TRUE,honey,Apis
london,2023,Salvia,Bombus terrestris,FALSE,wild,Bombus
london,2023,Brassica,Anthophora plumipes,FALSE,wild,Anthophora
london,2023,Brassica,Anthophora plumipes,FALSE,wild,Anthophora
london,2023,Pentaglottis,Anthophora plumipes,FALSE,wild,Anthophora
london,2023,Silene,Bombus pascuorum,FALSE,wild,Bombus
london,2023,Lamium,Bombus terrestris,FALSE,wild,Bombus
london,2023,Taraxacum,Bombus pascuorum,FALSE,wild,Bombus
london,2023,Salvia,Anthophora plumipes,FALSE,wild,Anthophora
london,2023,Salvia,Anthophora plumipes,FALSE,wild,Anthophora
london,2023,Lamium,Anthophora plumipes,FALSE,wild,Anthophora
london,2023,Lamium,Anthophora plumipes,FALSE,wild,Anthophora
london,2023,Pentaglottis,Apis mellifera,TRUE,honey,Apis
london,2023,Pentaglottis,Anthophora plumipes,FALSE,wild,Anthophora
london,2023,Symphytum,Anthophora plumipes,FALSE,wild,Anthophora
london,2023,Symphytum,Bombus pascuorum,FALSE,wild,Bombus
london,2023,Symphytum,Bombus terrestris,FALSE,wild,Bombus
london,2023,Lamium,Anthophora plumipes,FALSE,wild,Anthophora
london,2023,Ilex,Apis mellifera,TRUE,honey,Apis
london,2023,Pentaglottis,Apis mellifera,TRUE,honey,Apis
london,2023,Symphytum,Anthophora plumipes,FALSE,wild,Anthophora
london,2024,Lamium,Bombus pascuorum,FALSE,wild,Bombus
london,2024,Camassia,Apis mellifera,TRUE,honey,Apis
london,2024,Symphytum,Anthophora plumipes,FALSE,wild,Anthophora
london,2024,Rubus,Bombus lapidarius,FALSE,wild,Bombus
london,2024,Genisteae,Andrena cineraria,FALSE,wild,Andrena
london,2024,Salvia,Anthophora plumipes,FALSE,wild,Anthophora
london,2024,Myosotis,Osmia bicornis,FALSE,wild,Osmia
london,2024,Pentaglottis,Apis mellifera,TRUE,honey,Apis
london,2024,Pentaglottis,Apis mellifera,TRUE,honey,Apis
london,2024,Pentaglottis,Apis mellifera,TRUE,honey,Apis
london,2024,Brassica,Anthophora plumipes,FALSE,wild,Anthophora
london,2024,Malus,Nomada goodeniana,FALSE,wild,Nomada
london,2024,Taraxacum,Andrena labiata,FALSE,wild,Andrena
london,2024,Taraxacum,Nomada goodeniana,FALSE,wild,Nomada
london,2024,Ranunculus,Nomada goodeniana,FALSE,wild,Nomada
london,2024,Borago,Apis mellifera,TRUE,honey,Apis
london,2024,Pentaglottis,Anthophora plumipes,FALSE,wild,Anthophora
london,2024,Taraxacum,Bombus pascuorum,FALSE,wild,Bombus
london,2024,Pentaglottis,Apis mellifera,TRUE,honey,Apis
london,2024,Aquilegia,Anthophora plumipes,FALSE,wild,Anthophora
london,2024,Ajuga,Bombus pascuorum,FALSE,wild,Bombus
london,2024,Pentaglottis,Bombus pascuorum,FALSE,wild,Bombus
london,2024,Taraxacum,Bombus pascuorum,FALSE,wild,Bombus
london,2024,Pentaglottis,Apis mellifera,TRUE,honey,Apis
london,2024,Rubus,Apis mellifera,TRUE,honey,Apis
london,2024,Lamium,Bombus pascuorum,FALSE,wild,Bombus
london,2024,Pentaglottis,Anthophora plumipes,FALSE,wild,Anthophora
london,2024,Borago,Anthophora plumipes,FALSE,wild,Anthophora
london,2024,Borago,Anthophora plumipes,FALSE,wild,Anthophora
london,2024,Alliaria,Bombus pascuorum,FALSE,wild,Bombus
london,2024,Pentaglottis,Bombus terrestris,FALSE,wild,Bombus
london,2024,Lamium,Bombus pascuorum,FALSE,wild,Bombus
london,2024,Lamium,Bombus pascuorum,FALSE,wild,Bombus
london,2024,Pentaglottis,Anthophora plumipes,FALSE,wild,Anthophora
london,2024,Hyacinthoides,Bombus pascuorum,FALSE,wild,Bombus
london,2024,Hyacinthoides,Bombus terrestris,FALSE,wild,Bombus
london,2024,Taraxacum,Osmia bicornis,FALSE,wild,Osmia
london,2024,Iris,Bombus pascuorum,FALSE,wild,Bombus
london,2024,Symphytum,Anthophora plumipes,FALSE,wild,Anthophora
london,2025,Pentaglottis,Anthophora plumipes,FALSE,wild,Anthophora
london,2025,Choisya,Apis mellifera,TRUE,honey,Apis
london,2025,Centaurea,Bombus pascuorum,FALSE,wild,Bombus
london,2025,Pentaglottis,Apis mellifera,TRUE,honey,Apis
london,2025,Pentaglottis,Apis mellifera,TRUE,honey,Apis
london,2025,Pentaglottis,Apis mellifera,TRUE,honey,Apis
london,2025,Erysimum,Anthophora plumipes,FALSE,wild,Anthophora
london,2025,Lamium,Bombus pascuorum,FALSE,wild,Bombus
london,2025,Pentaglottis,Bombus pascuorum,FALSE,wild,Bombus
london,2025,Veronica,Bombus terrestris,FALSE,wild,Bombus
london,2025,Taraxacum,Apis mellifera,TRUE,honey,Apis
london,2025,Taraxacum,Apis mellifera,TRUE,honey,Apis
london,2025,Lamium,Bombus pascuorum,FALSE,wild,Bombus
london,2025,Myosotis,Apis mellifera,TRUE,honey,Apis
london,2025,Ulex,Andrena flavipes,FALSE,wild,Andrena
london,2025,Geranium,Anthophora plumipes,FALSE,wild,Anthophora
london,2025,Geum,Bombus terrestris,FALSE,wild,Bombus
london,2025,Cistus,Apis mellifera,TRUE,honey,Apis
london,2025,Taraxacum,Apis mellifera,TRUE,honey,Apis
london,2025,Taraxacum,Andrena nigroaenea,FALSE,wild,Andrena
london,2025,Pentaglottis,Apis mellifera,TRUE,honey,Apis
london,2025,Lamium,Bombus pascuorum,FALSE,wild,Bombus
london,2025,Lamium,Bombus pascuorum,FALSE,wild,Bombus
london,2025,Taraxacum,Apis mellifera,TRUE,honey,Apis
london,2025,Rhododendron,Bombus pascuorum,FALSE,wild,Bombus
london,2025,Pentaglottis,Apis mellifera,TRUE,honey,Apis
london,2025,Symphytum,Anthophora plumipes,FALSE,wild,Anthophora
london,2025,Cotoneaster,Apis mellifera,TRUE,honey,Apis
london,2025,Lamium,Bombus pascuorum,FALSE,wild,Bombus
london,2025,Pentaglottis,Bombus pascuorum,FALSE,wild,Bombus
london,2025,Rhododendron,Bombus pascuorum,FALSE,wild,Bombus
london,2025,Pentaglottis,Bombus pascuorum,FALSE,wild,Bombus
london,2025,Pentaglottis,Melecta albifrons,FALSE,wild,Melecta
london,2025,Taraxacum,Apis mellifera,TRUE,honey,Apis
london,2025,Pentaglottis,Bombus pascuorum,FALSE,wild,Bombus
london,2025,Taraxacum,Apis mellifera,TRUE,honey,Apis
london,2025,Taraxacum,Apis mellifera,TRUE,honey,Apis
london,2025,Taraxacum,Apis mellifera,TRUE,honey,Apis
london,2025,Taraxacum,Apis mellifera,TRUE,honey,Apis
london,2025,Taraxacum,Apis mellifera,TRUE,honey,Apis
london,2025,Taraxacum,Bombus terrestris,FALSE,wild,Bombus
london,2025,Pentaglottis,Melecta albifrons,FALSE,wild,Melecta
london,2025,Pentaglottis,Bombus pascuorum,FALSE,wild,Bombus
london,2025,Pentaglottis,Apis mellifera,TRUE,honey,Apis
london,2025,Taraxacum,Apis mellifera,TRUE,honey,Apis
london,2025,Lamium,Bombus pascuorum,FALSE,wild,Bombus
london,2025,Pentaglottis,Apis mellifera,TRUE,honey,Apis
london,2025,Viola,Anthophora plumipes,FALSE,wild,Anthophora
london,2025,Pentaglottis,Apis mellifera,TRUE,honey,Apis
london,2025,Pulmonaria,Anthophora plumipes,FALSE,wild,Anthophora
london,2025,Pulmonaria,Anthophora plumipes,FALSE,wild,Anthophora
london,2025,Ceanothus,Apis mellifera,TRUE,honey,Apis
london,2025,Pentaglottis,Bombus pascuorum,FALSE,wild,Bombus
london,2025,Pentaglottis,Bombus hypnorum,FALSE,wild,Bombus
london,2025,Pentaglottis,Bombus pascuorum,FALSE,wild,Bombus
london,2025,Taraxacum,Apis mellifera,TRUE,honey,Apis
london,2025,Pentaglottis,Apis mellifera,TRUE,honey,Apis
london,2025,Geranium,Anthophora plumipes,FALSE,wild,Anthophora
london,2025,Taraxacum,Apis mellifera,TRUE,honey,Apis
london,2025,Pentaglottis,Anthophora plumipes,FALSE,wild,Anthophora
london,2025,Rhododendron,Bombus terrestris,FALSE,wild,Bombus
london,2025,Pentaglottis,Apis mellifera,TRUE,honey,Apis
london,2025,Pentaglottis,Apis mellifera,TRUE,honey,Apis
london,2025,Pentaglottis,Apis mellifera,TRUE,honey,Apis
london,2025,Malus,Apis mellifera,TRUE,honey,Apis
london,2025,Centaurea,Bombus terrestris,FALSE,wild,Bombus
london,2025,Taraxacum,Andrena nitida,FALSE,wild,Andrena
london,2025,Pentaglottis,Apis mellifera,TRUE,honey,Apis
london,2025,Pentaglottis,Apis mellifera,TRUE,honey,Apis
london,2025,Pentaglottis,Osmia bicornis,FALSE,wild,Osmia
london,2025,Ulex,Bombus terrestris,FALSE,wild,Bombus
london,2025,Myosotis,Apis mellifera,TRUE,honey,Apis
london,2025,Pentaglottis,Apis mellifera,TRUE,honey,Apis
london,2025,Pentaglottis,Apis mellifera,TRUE,honey,Apis
london,2025,Ilex,Apis mellifera,TRUE,honey,Apis
london,2025,Hyacinthoides,Apis mellifera,TRUE,honey,Apis
london,2025,Taraxacum,Apis mellifera,TRUE,honey,Apis
london,2025,Lamium,Anthophora plumipes,FALSE,wild,Anthophora
london,2025,Pentaglottis,Apis mellifera,TRUE,honey,Apis
london,2025,Pulmonaria,Anthophora plumipes,FALSE,wild,Anthophora
london,2025,Salvia,Anthophora plumipes,FALSE,wild,Anthophora
london,2025,Hyacinthoides,Apis mellifera,TRUE,honey,Apis
london,2025,Taraxacum,Apis mellifera,TRUE,honey,Apis
london,2025,Vinca,Anthophora plumipes,FALSE,wild,Anthophora
london,2025,Malus,Apis mellifera,TRUE,honey,Apis
london,2025,Taraxacum,Apis mellifera,TRUE,honey,Apis
london,2025,Pentaglottis,Apis mellifera,TRUE,honey,Apis
london,2025,Taraxacum,Bombus pascuorum,FALSE,wild,Bombus
london,2025,Pentaglottis,Apis mellifera,TRUE,honey,Apis
london,2025,Taraxacum,Apis mellifera,TRUE,honey,Apis
london,2025,Salvia,Apis mellifera,TRUE,honey,Apis
london,2025,Salvia,Apis mellifera,TRUE,honey,Apis
london,2025,Salvia,Osmia bicornis,FALSE,wild,Osmia
london,2025,Pentaglottis,Apis mellifera,TRUE,honey,Apis
london,2025,Taraxacum,Andrena nitida,FALSE,wild,Andrena
london,2025,Cardamine,Bombus terrestris,FALSE,wild,Bombus
london,2025,Taraxacum,Apis mellifera,TRUE,honey,Apis
london,2025,Lamium,Bombus pascuorum,FALSE,wild,Bombus
london,2025,Salvia,Anthophora plumipes,FALSE,wild,Anthophora
london,2025,Taraxacum,Apis mellifera,TRUE,honey,Apis
london,2025,Lamium,Bombus pascuorum,FALSE,wild,Bombus
london,2025,Taraxacum,Apis mellifera,TRUE,honey,Apis
london,2025,Taraxacum,Apis mellifera,TRUE,honey,Apis
london,2025,Taraxacum,Bombus pascuorum,FALSE,wild,Bombus
london,2025,Pentaglottis,Apis mellifera,TRUE,honey,Apis
london,2025,Pentaglottis,Apis mellifera,TRUE,honey,Apis
london,2025,Lamium,Anthophora plumipes,FALSE,wild,Anthophora
london,2025,Pentaglottis,Apis mellifera,TRUE,honey,Apis
london,2025,Erysimum,Anthophora plumipes,FALSE,wild,Anthophora
london,2025,Lamium,Bombus pascuorum,FALSE,wild,Bombus
london,2025,Syringa,Bombus pascuorum,FALSE,wild,Bombus
london,2025,Pentaglottis,Apis mellifera,TRUE,honey,Apis
london,2025,Lamium,Bombus pascuorum,FALSE,wild,Bombus
london,2025,Pentaglottis,Apis mellifera,TRUE,honey,Apis
london,2025,Pentaglottis,Apis mellifera,TRUE,honey,Apis
london,2025,Taraxacum,Apis mellifera,TRUE,honey,Apis
london,2025,Pentaglottis,Apis mellifera,TRUE,honey,Apis
london,2025,Pentaglottis,Apis mellifera,TRUE,honey,Apis
london,2025,Malus,Apis mellifera,TRUE,honey,Apis
london,2025,Lamium,Bombus pascuorum,FALSE,wild,Bombus
london,2025,Ilex,Apis mellifera,TRUE,honey,Apis
london,2025,Symphytum,Bombus pratorum,FALSE,wild,Bombus
london,2025,Symphytum,Anthophora plumipes,FALSE,wild,Anthophora
london,2025,Symphytum,Bombus pascuorum,FALSE,wild,Bombus
london,2025,Symphytum,Anthophora plumipes,FALSE,wild,Anthophora
london,2025,Erysimum,Anthophora plumipes,FALSE,wild,Anthophora
london,2025,Pentaglottis,Anthophora plumipes,FALSE,wild,Anthophora
london,2025,Pentaglottis,Apis mellifera,TRUE,honey,Apis
london,2025,Thymus,Apis mellifera,TRUE,honey,Apis
london,2025,Pentaglottis,Apis mellifera,TRUE,honey,Apis
london,2025,Pentaglottis,Apis mellifera,TRUE,honey,Apis
london,2025,Rhododendron,Bombus pascuorum,FALSE,wild,Bombus
london,2025,Geranium,Anthophora quadrimaculata,FALSE,wild,Anthophora
london,2025,Lamium,Bombus hortorum,FALSE,wild,Bombus
london,2025,Crataegus,Apis mellifera,TRUE,honey,Apis
london,2025,Cercis,Apis mellifera,TRUE,honey,Apis
london,2025,Nepeta,Anthophora plumipes,FALSE,wild,Anthophora
london,2025,Lamium,Bombus terrestris,FALSE,wild,Bombus
london,2025,Lamium,Anthophora plumipes,FALSE,wild,Anthophora
london,2025,Pentaglottis,Apis mellifera,TRUE,honey,Apis
london,2025,Lamium,Bombus pascuorum,FALSE,wild,Bombus
london,2025,Crataegus,Apis mellifera,TRUE,honey,Apis
london,2025,Pentaglottis,Apis mellifera,TRUE,honey,Apis
london,2025,Pentaglottis,Bombus pascuorum,FALSE,wild,Bombus
london,2025,Malus,Bombus pascuorum,FALSE,wild,Bombus
london,2025,Erysimum,Anthophora plumipes,FALSE,wild,Anthophora
london,2025,Erysimum,Anthophora plumipes,FALSE,wild,Anthophora
london,2025,Ulex,Bombus terrestris,FALSE,wild,Bombus
london,2025,Ulex,Bombus terrestris,FALSE,wild,Bombus
london,2025,Ulex,Bombus terrestris,FALSE,wild,Bombus
london,2025,Geranium,Osmia bicornis,FALSE,wild,Osmia
london,2025,Ajuga,Anthophora plumipes,FALSE,wild,Anthophora
london,2025,Pentaglottis,Bombus pascuorum,FALSE,wild,Bombus
london,2025,Cercis,Apis mellifera,TRUE,honey,Apis
london,2025,Malus,Apis mellifera,TRUE,honey,Apis
london,2025,Crataegus,Bombus hypnorum,FALSE,wild,Bombus
london,2025,Malus,Apis mellifera,TRUE,honey,Apis
london,2025,Cercis,Apis mellifera,TRUE,honey,Apis
london,2025,Taraxacum,Apis mellifera,TRUE,honey,Apis
london,2025,Lamium,Bombus pascuorum,FALSE,wild,Bombus
london,2025,Ceanothus,Bombus pratorum,FALSE,wild,Bombus
london,2025,Pentaglottis,Bombus pascuorum,FALSE,wild,Bombus
london,2025,Hyacinthoides,Bombus pascuorum,FALSE,wild,Bombus
london,2025,Symphytum,Anthophora plumipes,FALSE,wild,Anthophora
london,2025,Symphytum,Anthophora plumipes,FALSE,wild,Anthophora
london,2025,Crataegus,Apis mellifera,TRUE,honey,Apis
london,2025,Pentaglottis,Apis mellifera,TRUE,honey,Apis
london,2025,Pentaglottis,Apis mellifera,TRUE,honey,Apis
london,2025,Crataegus,Andrena fulva,FALSE,wild,Andrena
london,2025,Crataegus,Andrena haemorrhoa,FALSE,wild,Andrena
london,2025,Pentaglottis,Bombus pascuorum,FALSE,wild,Bombus
london,2025,Geranium,Apis mellifera,TRUE,honey,Apis
london,2025,Taraxacum,Apis mellifera,TRUE,honey,Apis
london,2025,Malus,Anthophora plumipes,FALSE,wild,Anthophora
manchester,2019,Vaccinium,Bombus pascuorum,FALSE,wild,Bombus
manchester,2019,Silene,Bombus pascuorum,FALSE,wild,Bombus
manchester,2019,Silene,Bombus pascuorum,FALSE,wild,Bombus
manchester,2019,Silene,Bombus pascuorum,FALSE,wild,Bombus
manchester,2019,Malus,Apis mellifera,TRUE,honey,Apis
manchester,2019,Sorbus,Bombus hypnorum,FALSE,wild,Bombus
manchester,2019,Taraxacum,Bombus pascuorum,FALSE,wild,Bombus
manchester,2019,Lamium,Bombus pascuorum,FALSE,wild,Bombus
manchester,2019,Ajuga,Bombus lapidarius,FALSE,wild,Bombus
manchester,2019,Taraxacum,Bombus lapidarius,FALSE,wild,Bombus
manchester,2020,Geranium,Bombus pascuorum,FALSE,wild,Bombus
manchester,2020,Erysimum,Osmia bicornis,FALSE,wild,Osmia
manchester,2020,Malus,Bombus hypnorum,FALSE,wild,Bombus
manchester,2020,Malus,Apis mellifera,TRUE,honey,Apis
manchester,2020,Malus,Bombus pratorum,FALSE,wild,Bombus
manchester,2020,Malus,Osmia bicornis,FALSE,wild,Osmia
manchester,2020,Taraxacum,Andrena cineraria,FALSE,wild,Andrena
manchester,2020,Malus,Bombus pascuorum,FALSE,wild,Bombus
manchester,2020,Rhododendron,Bombus pascuorum,FALSE,wild,Bombus
manchester,2020,Taraxacum,Bombus pascuorum,FALSE,wild,Bombus
manchester,2020,Taraxacum,Bombus lapidarius,FALSE,wild,Bombus
manchester,2020,Ajuga,Bombus pascuorum,FALSE,wild,Bombus
manchester,2020,Malus,Apis mellifera,TRUE,honey,Apis
manchester,2020,Taraxacum,Bombus pascuorum,FALSE,wild,Bombus
manchester,2020,Erysimum,Bombus pascuorum,FALSE,wild,Bombus
manchester,2020,Hyacinthoides,Apis mellifera,TRUE,honey,Apis
manchester,2020,Symphytum,Bombus pascuorum,FALSE,wild,Bombus
manchester,2020,Salvia,Osmia bicornis,FALSE,wild,Osmia
manchester,2020,Silene,Bombus pascuorum,FALSE,wild,Bombus
manchester,2020,Malus,Apis mellifera,TRUE,honey,Apis
manchester,2020,Lamium,Bombus pascuorum,FALSE,wild,Bombus
manchester,2020,Taraxacum,Andrena cineraria,FALSE,wild,Andrena
manchester,2020,Taraxacum,Bombus pascuorum,FALSE,wild,Bombus
manchester,2020,Taraxacum,Apis mellifera,TRUE,honey,Apis
manchester,2020,Lamium,Bombus pascuorum,FALSE,wild,Bombus
manchester,2020,Lamium,Bombus hortorum,FALSE,wild,Bombus
manchester,2020,Salvia,Bombus pascuorum,FALSE,wild,Bombus
manchester,2020,Ajuga,Bombus pascuorum,FALSE,wild,Bombus
manchester,2020,Taraxacum,Apis mellifera,TRUE,honey,Apis
manchester,2020,Malus,Apis mellifera,TRUE,honey,Apis
manchester,2020,Fragaria,Bombus pascuorum,FALSE,wild,Bombus
manchester,2020,Taraxacum,Apis mellifera,TRUE,honey,Apis
manchester,2020,Myosotis,Osmia bicornis,FALSE,wild,Osmia
manchester,2020,Symphytum,Bombus hortorum,FALSE,wild,Bombus
manchester,2020,Hyacinthoides,Apis mellifera,TRUE,honey,Apis
manchester,2020,Lamium,Bombus pascuorum,FALSE,wild,Bombus
manchester,2020,Lamium,Bombus hortorum,FALSE,wild,Bombus
manchester,2020,Lamium,Bombus pratorum,FALSE,wild,Bombus
manchester,2020,Hyacinthoides,Osmia bicornis,FALSE,wild,Osmia
manchester,2021,Taraxacum,Andrena cineraria,FALSE,wild,Andrena
manchester,2021,Lamium,Bombus pascuorum,FALSE,wild,Bombus
manchester,2021,Taraxacum,Apis mellifera,TRUE,honey,Apis
manchester,2021,Viola,Bombus lapidarius,FALSE,wild,Bombus
manchester,2021,Pentaglottis,Bombus pascuorum,FALSE,wild,Bombus
manchester,2021,Taraxacum,Bombus pascuorum,FALSE,wild,Bombus
manchester,2021,Taraxacum,Apis mellifera,TRUE,honey,Apis
manchester,2021,Vaccinium,Bombus pratorum,FALSE,wild,Bombus
manchester,2021,Vaccinium,Bombus terrestris,FALSE,wild,Bombus
manchester,2021,Vaccinium,Bombus pascuorum,FALSE,wild,Bombus
manchester,2021,Vaccinium,Bombus pratorum,FALSE,wild,Bombus
manchester,2022,Symphytum,Bombus pascuorum,FALSE,wild,Bombus
manchester,2022,Taraxacum,Bombus pascuorum,FALSE,wild,Bombus
manchester,2022,Symphytum,Bombus pascuorum,FALSE,wild,Bombus
manchester,2022,Taraxacum,Apis mellifera,TRUE,honey,Apis
manchester,2022,Taraxacum,Bombus pascuorum,FALSE,wild,Bombus
manchester,2022,Taraxacum,Apis mellifera,TRUE,honey,Apis
manchester,2022,Vaccinium,Bombus pascuorum,FALSE,wild,Bombus
manchester,2022,Alliaria,Bombus pascuorum,FALSE,wild,Bombus
manchester,2022,Pyrus,Bombus terrestris,FALSE,wild,Bombus
manchester,2022,Pentaglottis,Bombus pratorum,FALSE,wild,Bombus
manchester,2022,Taraxacum,Apis mellifera,TRUE,honey,Apis
manchester,2022,Pentaglottis,Bombus pascuorum,FALSE,wild,Bombus
manchester,2022,Pentaglottis,Bombus pratorum,FALSE,wild,Bombus
manchester,2022,Pentaglottis,Osmia bicornis,FALSE,wild,Osmia
manchester,2022,Taraxacum,Apis mellifera,TRUE,honey,Apis
manchester,2022,Ulex,Apis mellifera,TRUE,honey,Apis
manchester,2023,Taraxacum,Apis mellifera,TRUE,honey,Apis
manchester,2023,Berberis,Bombus lapidarius,FALSE,wild,Bombus
manchester,2023,Malus,Apis mellifera,TRUE,honey,Apis
manchester,2023,Taraxacum,Bombus pascuorum,FALSE,wild,Bombus
manchester,2023,Lamium,Bombus pascuorum,FALSE,wild,Bombus
manchester,2023,Lamium,Bombus pascuorum,FALSE,wild,Bombus
manchester,2023,Lamium,Bombus hortorum,FALSE,wild,Bombus
manchester,2023,Pentaglottis,Apis mellifera,TRUE,honey,Apis
manchester,2024,Malus,Apis mellifera,TRUE,honey,Apis
manchester,2025,Symphytum,Bombus pascuorum,FALSE,wild,Bombus
manchester,2025,Taraxacum,Apis mellifera,TRUE,honey,Apis
manchester,2025,Allium,Apis mellifera,TRUE,honey,Apis
manchester,2025,Cardamine,Andrena haemorrhoa,FALSE,wild,Andrena
manchester,2025,Taraxacum,Apis mellifera,TRUE,honey,Apis
manchester,2025,Centaurea,Bombus pascuorum,FALSE,wild,Bombus
manchester,2025,Taraxacum,Apis mellifera,TRUE,honey,Apis
manchester,2025,Taraxacum,Apis mellifera,TRUE,honey,Apis
manchester,2025,Symphytum,Anthophora plumipes,FALSE,wild,Anthophora
manchester,2025,Taraxacum,Bombus pratorum,FALSE,wild,Bombus
manchester,2025,Geranium,Bombus pratorum,FALSE,wild,Bombus
manchester,2025,Taraxacum,Apis mellifera,TRUE,honey,Apis
manchester,2025,Vaccinium,Andrena cineraria,FALSE,wild,Andrena
manchester,2025,Taraxacum,Apis mellifera,TRUE,honey,Apis
manchester,2025,Pentaglottis,Bombus pratorum,FALSE,wild,Bombus
manchester,2025,Bellis,Andrena nitida,FALSE,wild,Andrena
manchester,2025,Malus,Bombus hypnorum,FALSE,wild,Bombus
manchester,2025,Taraxacum,Bombus lapidarius,FALSE,wild,Bombus
manchester,2025,Taraxacum,Apis mellifera,TRUE,honey,Apis
manchester,2025,Vaccinium,Bombus pratorum,FALSE,wild,Bombus
manchester,2025,Vaccinium,Bombus pascuorum,FALSE,wild,Bombus
manchester,2025,Taraxacum,Andrena cineraria,FALSE,wild,Andrena
manchester,2025,Taraxacum,Apis mellifera,TRUE,honey,Apis
manchester,2025,Salvia,Apis mellifera,TRUE,honey,Apis
manchester,2025,Pentaglottis,Bombus pratorum,FALSE,wild,Bombus
manchester,2025,Taraxacum,Bombus pascuorum,FALSE,wild,Bombus
manchester,2025,Taraxacum,Apis mellifera,TRUE,honey,Apis
manchester,2025,Taraxacum,Apis mellifera,TRUE,honey,Apis
manchester,2025,Geranium,Bombus hypnorum,FALSE,wild,Bombus
manchester,2025,Myosotis,Osmia bicornis,FALSE,wild,Osmia
manchester,2025,Taraxacum,Osmia bicornis,FALSE,wild,Osmia
manchester,2025,Taraxacum,Apis mellifera,TRUE,honey,Apis
manchester,2025,Taraxacum,Bombus pascuorum,FALSE,wild,Bombus
manchester,2025,Taraxacum,Apis mellifera,TRUE,honey,Apis
manchester,2025,Taraxacum,Bombus pascuorum,FALSE,wild,Bombus
manchester,2025,Taraxacum,Apis mellifera,TRUE,honey,Apis
manchester,2025,Taraxacum,Bombus pascuorum,FALSE,wild,Bombus
manchester,2025,Taraxacum,Andrena haemorrhoa,FALSE,wild,Andrena
manchester,2025,Malus,Apis mellifera,TRUE,honey,Apis
