id,uuid,observed_on_string,observed_on,time_observed_at,time_zone,user_id,user_login,user_name,created_at,updated_at,quality_grade,license,url,image_url,sound_url,tag_list,description,num_identification_agreements,num_identification_disagreements,captive_cultivated,oauth_application_id,place_guess,latitude,longitude,positional_accuracy,private_place_guess,private_latitude,private_longitude,public_positional_accuracy,geoprivacy,taxon_geoprivacy,coordinates_obscured,positioning_method,positioning_device,species_guess,scientific_name,common_name,iconic_taxon_name,taxon_id,field_name_of_associated_plant,field_pollination_interaction,city,year,source_file
23047204,9ba43b53-cb90-43be-a53e-fa13a5570c20,Fri Apr 26 2019 09:00:12 GMT+0100 (GMT+1),2019-04-26,2019-04-26 07:00:12 UTC,Amsterdam,1598624,lucyvesely,Lucy Vesely,2019-04-25 13:05:03 UTC,2026-02-19 10:45:28 UTC,research,NA,https://www.inaturalist.org/observations/23047204,https://static.inaturalist.org/photos/35730465/medium.jpg,NA,NA,NA,1,0,false,3,"Court Hey Park, Liverpool, England, GB",53.4038,-2.8758783333,6,NA,NA,NA,6,NA,NA,false,NA,NA,Garden Bumble Bee,Bombus hortorum,Garden Bumble Bee,Insecta,121989,Rhododendron,Yes,liverpool,2019,liverpool_19.csv
23110045,b755dece-14bb-4ef7-b57e-fa76666c1230,Fri Apr 26 2019 10:34:28 GMT+0100 (GMT+1),2019-04-26,2019-04-26 08:34:28 UTC,Amsterdam,1554883,gordon-lavender,Gordon lavender,2019-04-26 09:34:54 UTC,2023-08-09 22:20:47 UTC,research,CC-BY-NC,https://www.inaturalist.org/observations/23110045,https://inaturalist-open-data.s3.amazonaws.com/photos/35827653/medium.jpg,NA,NA,NA,1,0,false,3,"Stadt Moers Park, Whiston, England, GB",53.4115248174,-2.8122547455,5,NA,NA,NA,5,NA,NA,false,NA,NA,Common Carder Bee,Bombus pascuorum,Common Carder Bee,Insecta,55637,NA,NA,liverpool,2019,liverpool_19.csv
23152955,6f9128ff-25fc-445b-bff5-6c9ae66ed7d8,2019/04/26 11:49 AM BST,2019-04-26,2019-04-26 10:49:00 UTC,London,1543321,grahamclarkson,Graham Clarkson,2019-04-26 15:51:31 UTC,2026-02-19 10:33:11 UTC,research,CC-BY-NC,https://www.inaturalist.org/observations/23152955,https://inaturalist-open-data.s3.amazonaws.com/photos/35883926/medium.jpeg,NA,NA,NA,1,0,false,NA,RSPB Marshside,53.6735,-2.985234,39,NA,NA,NA,39,NA,NA,false,NA,NA,Common Carder Bee,Bombus pascuorum,Common Carder Bee,Insecta,55637,Lamium album,Yes,liverpool,2019,liverpool_19.csv
23611520,19ebecaf-b6af-4cd8-bc65-5f9130bc7a76,2019-04-28 1:17:37 pm BST,2019-04-28,2019-04-28 12:17:37 UTC,Europe/London,1411960,mandapanda,Amanda Cogan Barber,2019-04-28 12:18:34 UTC,2026-02-19 10:38:25 UTC,research,CC-BY-NC,https://www.inaturalist.org/observations/23611520,https://inaturalist-open-data.s3.amazonaws.com/photos/36804005/medium.png,NA,NA,NA,1,0,false,2,"NCN 62, Southport PR9, UK",53.67299022,-2.98607417,4,NA,NA,NA,4,NA,NA,false,NA,NA,Early Mining Bee,Andrena haemorrhoa,Early Mining Bee,Insecta,69202,NA,No,liverpool,2019,liverpool_19.csv
23624902,f232d7a1-bbed-4296-9557-97427ce4c2bf,Sun Apr 28 2019 14:52:20 GMT+0100 (GMT+1),2019-04-28,2019-04-28 12:52:20 UTC,Amsterdam,1669967,junemortazavi21,NA,2019-04-28 13:52:31 UTC,2026-02-19 10:32:55 UTC,research,CC-BY-NC,https://www.inaturalist.org/observations/23624902,https://inaturalist-open-data.s3.amazonaws.com/photos/36574260/medium.jpg,NA,NA,NA,1,0,false,3,"34 Coleridge Drive, Wirral, England, GB",53.3601206169,-3.0035183765,5,NA,NA,NA,5,NA,NA,false,NA,NA,Ackerhummel,Bombus pascuorum,Common Carder Bee,Insecta,55637,Salvia rosmarinus,Yes,liverpool,2019,liverpool_19.csv
23625215,057dfd2c-e98d-4537-8d73-42235402a08e,Sun Apr 28 2019 14:51:26 GMT+0100 (GMT+1),2019-04-28,2019-04-28 12:51:26 UTC,Amsterdam,1664125,m_e_thornton,M_E_Thornton,2019-04-28 13:54:14 UTC,2026-02-19 10:34:57 UTC,research,CC-BY-NC,https://www.inaturalist.org/observations/23625215,https://inaturalist-open-data.s3.amazonaws.com/photos/36574707/medium.jpg,NA,NA,NA,1,0,false,3,"49 Lang Lane, Wirral, England, GB",53.3769068029,-3.1739334483,5,NA,NA,NA,5,NA,NA,false,NA,NA,Large Red-tailed Bumble Bee,Bombus lapidarius,Red-tailed Bumble Bee,Insecta,57619,Hyacinthoides,Yes,liverpool,2019,liverpool_19.csv
23637195,5bea8057-dddc-4e4f-bbe4-02fa03696a0b,Sun Apr 28 2019 15:45:36 GMT+0100 (GMT+1),2019-04-28,2019-04-28 13:45:36 UTC,Amsterdam,1397834,croxvols,Croxteth Park Volunteer Group,2019-04-28 14:46:44 UTC,2026-02-19 10:44:14 UTC,research,CC0,https://www.inaturalist.org/observations/23637195,https://inaturalist-open-data.s3.amazonaws.com/photos/36590935/medium.jpg,NA,NA,NA,2,0,false,3,"L34, Prescot, England, GB",53.4517833333,-2.8669866667,5,NA,NA,NA,5,NA,NA,false,NA,NA,Dunkle Erdhummel,Bombus terrestris,Buff-tailed Bumble Bee,Insecta,57516,Taraxacum,Yes,liverpool,2019,liverpool_19.csv
23640506,5795db9e-0174-42d0-84ce-c64dd4225eea,2019/04/28 12:46 PM BST,2019-04-28,2019-04-28 11:46:00 UTC,Edinburgh,1440629,maurice66,Maurice Maynard,2019-04-28 14:59:41 UTC,2026-02-19 10:32:36 UTC,research,CC-BY-NC,https://www.inaturalist.org/observations/23640506,https://inaturalist-open-data.s3.amazonaws.com/photos/36595103/medium.jpeg,NA,NA,NA,1,0,false,NA,"Merseyside, UK",53.5177548098,-2.9856894115,8,NA,NA,NA,8,NA,NA,false,NA,NA,Common Carder Bee,Bombus pascuorum,Common Carder Bee,Insecta,55637,Lamium album,Yes,liverpool,2019,liverpool_19.csv
23657607,89f8f6c5-d013-4f47-b4dd-9d24a60d9187,2019-04-28 5:03:16 pm BST,2019-04-28,2019-04-28 17:03:16 UTC,UTC,1572600,philw1985,NA,2019-04-28 16:06:09 UTC,2026-02-19 10:34:44 UTC,research,CC-BY-NC,https://www.inaturalist.org/observations/23657607,https://inaturalist-open-data.s3.amazonaws.com/photos/36618904/medium.jpeg,NA,NA,NA,1,0,false,2,"19 Charterhouse Rd, Liverpool L25 8QR, UK",53.3687853,-2.85899148,16,NA,NA,NA,16,NA,NA,false,NA,NA,Red-tailed Bumble Bee,Bombus lapidarius,Red-tailed Bumble Bee,Insecta,57619,NA,No,liverpool,2019,liverpool_19.csv
23668402,b51e13bd-0611-4d60-a0db-5cdf969f90f6,2019-04-28 3:09:10 pm BST,2019-04-28,2019-04-28 14:09:10 UTC,Edinburgh,1414945,bondie8,Dave Bond,2019-04-28 16:43:37 UTC,2026-02-19 10:42:59 UTC,research,CC0,https://www.inaturalist.org/observations/23668402,https://inaturalist-open-data.s3.amazonaws.com/photos/36633311/medium.jpeg,NA,NA,NA,2,0,false,2,"Sefton Park Palm House, Liverpool L17 1AP, UK",53.381389334,-2.9363573715,22,NA,NA,NA,22,NA,open,false,gps,gps,Tawny Mining Bee,Andrena fulva,Tawny Mining Bee,Insecta,60579,NA,No,liverpool,2019,liverpool_19.csv
23727788,6c188531-6f17-46d3-8a4a-b6378a7d1d2f,2019-04-28 3:44:54 pm BST,2019-04-28,2019-04-28 14:44:54 UTC,London,1223604,ben_deed,Ben Deed,2019-04-28 20:30:27 UTC,2026-02-19 10:32:19 UTC,research,CC0,https://www.inaturalist.org/observations/23727788,https://inaturalist-open-data.s3.amazonaws.com/photos/36719009/medium.jpeg,NA,NA,NA,1,0,false,2,"NCN 62, Southport PR8, UK",53.63829422,-3.034081459,NA,NA,NA,NA,NA,NA,NA,false,gps,gps,Common Carder Bee,Bombus pascuorum,Common Carder Bee,Insecta,55637,Taraxacum,Yes,liverpool,2019,liverpool_19.csv
23788638,4d4e3310-2dd6-4cd7-9817-071ffc2e8f3a,Sun Apr 28 2019 16:30:12 GMT+0100 (GMT+1),2019-04-28,2019-04-28 14:30:12 UTC,Amsterdam,1423907,andreaku,NA,2019-04-29 00:13:36 UTC,2026-02-19 10:44:02 UTC,research,CC-BY-NC,https://www.inaturalist.org/observations/23788638,https://inaturalist-open-data.s3.amazonaws.com/photos/36809959/medium.jpg,NA,NA,NA,1,0,false,3,"Sefton Park, Liverpool, England, GB",53.3809405576,-2.934965807,357,NA,NA,NA,357,NA,NA,false,NA,NA,Buff-tailed Bumble Bee,Bombus terrestris,Buff-tailed Bumble Bee,Insecta,57516,Trifolium,Yes,liverpool,2019,liverpool_19.csv
23880229,dab1bb99-bd76-4c7c-9bfb-53bcdab68a7c,2019-04-29 10:24:30 am BST,2019-04-29,2019-04-29 10:24:30 UTC,UTC,1695828,thomasdohertybone,Thomas Doherty-Bone,2019-04-29 09:26:13 UTC,2026-02-19 10:45:51 UTC,research,NA,https://www.inaturalist.org/observations/23880229,https://static.inaturalist.org/photos/36949037/medium.jpeg,NA,NA,NA,1,0,false,2,"North Wirral Coastal Park The Gunsite, Green Ln, Wallasey CH45 8LW, UK",53.4256133333,-3.0890666667,7,NA,NA,NA,7,NA,NA,false,NA,NA,Early Colletes,Colletes cunicularius,Early Cellophane Bee,Insecta,484487,Taraxacum,Yes,liverpool,2019,liverpool_19.csv
23889320,c9b221c2-42ae-48f0-96b5-c124a67ca1e3,2019-04-28 3:59:50 pm BST,2019-04-28,2019-04-28 14:59:50 UTC,Edinburgh,1514405,nwallbank,NA,2019-04-29 11:04:58 UTC,2026-02-19 10:45:02 UTC,research,CC-BY-NC,https://www.inaturalist.org/observations/23889320,https://inaturalist-open-data.s3.amazonaws.com/photos/36962403/medium.jpeg,NA,NA,NA,1,0,false,2,"Gorse Lodge Nurseries, Knowsley",53.3904765909,-2.7815536782,66,NA,NA,NA,66,NA,NA,false,gps,gps,Early Bumble Bee,Bombus pratorum,Early Bumble Bee,Insecta,124910,Taraxacum,Yes,liverpool,2019,liverpool_19.csv
23922242,26356806-2859-4c66-90f3-87fb160e526a,Mon Apr 29 2019 15:23:18 GMT+0100 (GMT+1),2019-04-29,2019-04-29 13:23:18 UTC,Amsterdam,1554883,gordon-lavender,Gordon lavender,2019-04-29 14:23:57 UTC,2026-02-19 10:32:09 UTC,research,CC-BY-NC,https://www.inaturalist.org/observations/23922242,https://inaturalist-open-data.s3.amazonaws.com/photos/37008660/medium.jpg,NA,NA,NA,1,0,false,3,"57 Pottery Lane, Prescot, England, GB",53.4128458053,-2.810972482,5,NA,NA,NA,5,NA,NA,false,NA,NA,Common Carder Bee,Bombus pascuorum,Common Carder Bee,Insecta,55637,Taraxacum,Yes,liverpool,2019,liverpool_19.csv
23966204,a82fb5d0-10de-4f2c-89f2-8aa69dc3eaf9,2019-04-29 12:57:53 pm BST,2019-04-29,2019-04-29 12:57:53 UTC,UTC,1690181,lizmccreery,NA,2019-04-29 17:13:16 UTC,2026-02-19 10:42:54 UTC,research,CC-BY-NC,https://www.inaturalist.org/observations/23966204,https://inaturalist-open-data.s3.amazonaws.com/photos/37070715/medium.jpeg,NA,NA,NA,2,0,false,2,"2 Quarry Rd, Bootle L20 9LJ, UK",53.4468114802,-2.9806530476,349,NA,NA,NA,349,NA,open,false,gps,gps,Tawny Mining Bee,Andrena fulva,Tawny Mining Bee,Insecta,60579,NA,No,liverpool,2019,liverpool_19.csv
23976148,6530b827-328b-474c-98a7-ab42cd101b5b,2019-04-29 3:34:38 p.m. BST,2019-04-29,2019-04-29 14:34:38 UTC,Edinburgh,1387615,susan_marley,Susan Marley,2019-04-29 17:54:31 UTC,2026-02-19 10:34:35 UTC,research,CC-BY,https://www.inaturalist.org/observations/23976148,https://inaturalist-open-data.s3.amazonaws.com/photos/37085108/medium.jpeg,NA,NA,Worker,1,0,false,2,"Unnamed Road, Saint Helens WA9 4ST, UK",53.43195423,-2.67245795,5,NA,NA,NA,5,NA,NA,false,NA,NA,Large Red-tailed Bumble Bee,Bombus lapidarius,Red-tailed Bumble Bee,Insecta,57619,Taraxacum,Yes,liverpool,2019,liverpool_19.csv
23994254,3af08cd1-5db2-49e0-99ca-67bea783f507,2019/04/29 1:07 PM BST,2019-04-29,2019-04-29 12:07:00 UTC,Edinburgh,1440629,maurice66,Maurice Maynard,2019-04-29 19:05:24 UTC,2026-02-19 10:38:10 UTC,research,CC-BY-NC,https://www.inaturalist.org/observations/23994254,https://inaturalist-open-data.s3.amazonaws.com/photos/37111492/medium.jpeg,NA,NA,NA,1,0,false,NA,"Bootle, UK",53.4489509623,-2.9968523305,15,NA,NA,NA,15,NA,NA,false,NA,NA,Early Mining Bee,Andrena haemorrhoa,Early Mining Bee,Insecta,69202,NA,Yes,liverpool,2019,liverpool_19.csv
24011401,8610be67-92e6-49f9-860c-f3f8a02bf14b,Mon Apr 29 2019 16:27:45 GMT+0100 (GMT+1),2019-04-29,2019-04-29 14:27:45 UTC,Amsterdam,1440717,alan216,Alan Jemmett,2019-04-29 20:15:26 UTC,2026-02-19 10:31:54 UTC,research,NA,https://www.inaturalist.org/observations/24011401,https://static.inaturalist.org/photos/37138707/medium.jpg,NA,NA,NA,1,0,false,3,"Parkfields Park Lane, Wirral, England, GB",53.4087616667,-3.1478888333,5,NA,NA,NA,5,NA,NA,false,NA,NA,Common Carder Bee,Bombus pascuorum,Common Carder Bee,Insecta,55637,Taraxacum,Yes,liverpool,2019,liverpool_19.csv
24015151,b1753b07-3e43-4a34-abd4-e5bbf66f1b92,Mon Apr 29 2019 19:56:30 GMT+0100 (GMT+1),2019-04-29,2019-04-29 17:56:30 UTC,Amsterdam,1543321,grahamclarkson,Graham Clarkson,2019-04-29 20:28:58 UTC,2026-02-19 10:31:31 UTC,research,CC-BY-NC,https://www.inaturalist.org/observations/24015151,https://inaturalist-open-data.s3.amazonaws.com/photos/37144146/medium.jpg,NA,NA,NA,1,0,false,3,"Marine Drive, Southport, England, GB",53.6783864394,-2.9787922049,24,NA,NA,NA,24,NA,NA,false,NA,NA,Common Carder Bee,Bombus pascuorum,Common Carder Bee,Insecta,55637,NA,No,liverpool,2019,liverpool_19.csv
24038765,617a9759-d8ec-424b-a824-d0d831397f81,2019/04/29 11:51 AM UTC,2019-04-29,NA,UTC,1429296,moletoal,NA,2019-04-29 21:59:21 UTC,2026-02-19 10:34:23 UTC,research,CC-BY-NC,https://www.inaturalist.org/observations/24038765,https://inaturalist-open-data.s3.amazonaws.com/photos/37176187/medium.jpg,NA,NA,NA,2,0,false,NA,"Bootle, UK",53.4459616072,-2.9830264207,25,NA,NA,NA,25,NA,NA,false,NA,NA,Large Red-tailed Bumble Bee,Bombus lapidarius,Red-tailed Bumble Bee,Insecta,57619,Taraxacum,Yes,liverpool,2019,liverpool_19.csv
24059815,bc3135d8-5968-4de9-9780-0a716b2ba4bd,2019/04/29 2:28 PM BST,2019-04-29,2019-04-29 12:28:00 UTC,London,1411960,mandapanda,Amanda Cogan Barber,2019-04-29 23:18:31 UTC,2026-02-19 10:37:12 UTC,research,CC-BY-NC,https://www.inaturalist.org/observations/24059815,https://inaturalist-open-data.s3.amazonaws.com/photos/37189870/medium.jpeg,NA,NA,NA,3,0,false,NA,"Merseyside, England, United Kingdom",53.4440716667,-2.629815,NA,NA,NA,NA,NA,NA,NA,false,NA,NA,Tree Bumble Bee,Bombus hypnorum,Tree Bumble Bee,Insecta,61803,NA,No,liverpool,2019,liverpool_19.csv
24163405,c23786ff-33f4-400f-93f7-68dfad0fd83c,2019/04/28 12:49 PM BST,2019-04-28,2019-04-28 11:49:00 UTC,London,1223604,ben_deed,Ben Deed,2019-04-30 08:46:44 UTC,2026-02-19 10:34:13 UTC,research,CC0,https://www.inaturalist.org/observations/24163405,https://inaturalist-open-data.s3.amazonaws.com/photos/37029958/medium.jpg,NA,NA,NA,1,0,false,NA,"Southport, UK",53.6326370239,-2.9976027011,NA,NA,NA,NA,NA,NA,NA,false,NA,NA,Large Red-tailed Bumble Bee,Bombus lapidarius,Red-tailed Bumble Bee,Insecta,57619,Taraxacum,Yes,liverpool,2019,liverpool_19.csv
24163475,25c2e279-f8a5-4207-af64-ee8dc098059f,2019/04/28 1:49 PM BST,2019-04-28,2019-04-28 12:49:00 UTC,London,1223604,ben_deed,Ben Deed,2019-04-30 08:48:22 UTC,2026-02-19 10:33:48 UTC,research,CC0,https://www.inaturalist.org/observations/24163475,https://inaturalist-open-data.s3.amazonaws.com/photos/37046962/medium.jpg,NA,NA,dav,1,0,false,NA,"Merseyside, England, United Kingdom",53.6298141478,-2.9929749964,NA,NA,NA,NA,NA,NA,NA,false,NA,NA,Large Red-tailed Bumble Bee,Bombus lapidarius,Red-tailed Bumble Bee,Insecta,57619,Lamium album,Yes,liverpool,2019,liverpool_19.csv
24163479,8e38a419-a68b-4036-87cc-9c5c1efd73d6,2019/04/28 2:10 PM BST,2019-04-28,2019-04-28 13:10:00 UTC,London,1223604,ben_deed,Ben Deed,2019-04-30 08:48:23 UTC,2026-02-19 10:31:24 UTC,research,CC0,https://www.inaturalist.org/observations/24163479,https://inaturalist-open-data.s3.amazonaws.com/photos/37048280/medium.jpg,NA,NA,dav,1,0,false,NA,"Merseyside, England, United Kingdom",53.6289367675,-2.9942369458,NA,NA,NA,NA,NA,NA,NA,false,NA,NA,Common Carder Bee,Bombus pascuorum,Common Carder Bee,Insecta,55637,NA,No,liverpool,2019,liverpool_19.csv
24163497,ff288fae-a105-4a46-ac69-15d57d27acff,2019/04/29 12:15 PM BST,2019-04-29,2019-04-29 11:15:00 UTC,London,1223604,ben_deed,Ben Deed,2019-04-30 08:48:41 UTC,2026-02-19 10:37:05 UTC,research,CC0,https://www.inaturalist.org/observations/24163497,https://inaturalist-open-data.s3.amazonaws.com/photos/37052780/medium.jpg,NA,NA,dav,1,0,false,NA,"Merseyside, England, United Kingdom",53.4130058286,-2.7285056114,NA,NA,NA,NA,NA,NA,NA,false,NA,NA,Tree Bumble Bee,Bombus hypnorum,Tree Bumble Bee,Insecta,61803,Taraxacum,Yes,liverpool,2019,liverpool_19.csv
24163513,225797bf-78c6-47ba-8a93-ce0206c03b60,2019/04/29 12:25 PM BST,2019-04-29,2019-04-29 11:25:00 UTC,London,1223604,ben_deed,Ben Deed,2019-04-30 08:48:51 UTC,2026-02-19 10:31:12 UTC,research,CC0,https://www.inaturalist.org/observations/24163513,https://inaturalist-open-data.s3.amazonaws.com/photos/37056248/medium.jpg,NA,NA,sdr,1,0,false,NA,"Merseyside, England, United Kingdom",53.4135246275,-2.7245843408,NA,NA,NA,NA,NA,NA,NA,false,NA,NA,Common Carder Bee,Bombus pascuorum,Common Carder Bee,Insecta,55637,Taraxacum,Yes,liverpool,2019,liverpool_19.csv
24163580,dba20810-c303-47d1-b565-f48412b1c454,2019/04/29 1:04 PM BST,2019-04-29,2019-04-29 12:04:00 UTC,London,1223604,ben_deed,Ben Deed,2019-04-30 08:49:29 UTC,2026-02-19 10:36:51 UTC,research,CC0,https://www.inaturalist.org/observations/24163580,https://inaturalist-open-data.s3.amazonaws.com/photos/37067405/medium.jpg,NA,NA,sdr,1,0,false,NA,"Merseyside, England, United Kingdom",53.4119529722,-2.7273707389,NA,NA,NA,NA,NA,NA,NA,false,NA,NA,Tree Bumble Bee,Bombus hypnorum,Tree Bumble Bee,Insecta,61803,Crataegus,Yes,liverpool,2019,liverpool_19.csv
24262872,3478824f-ea05-425a-95dc-533c765cec65,2019/04/29 3:02 PM BST,2019-04-29,2019-04-29 14:02:00 UTC,Europe/London,1411960,mandapanda,Amanda Cogan Barber,2019-05-01 07:55:28 UTC,2026-02-19 10:43:42 UTC,research,CC-BY-NC,https://www.inaturalist.org/observations/24262872,https://inaturalist-open-data.s3.amazonaws.com/photos/37414407/medium.jpeg,NA,NA,NA,2,0,false,NA,"Merseyside, England, United Kingdom",53.443365,-2.6276683333,NA,NA,NA,NA,NA,NA,NA,false,NA,NA,Western Honey Bee,Apis mellifera,Western Honey Bee,Insecta,47219,Taraxacum,Yes,liverpool,2019,liverpool_19.csv
24302400,b27daab4-053e-420b-8eff-9dfa9094898d,2019/04/29 3:38 PM BST,2019-04-29,2019-04-29 13:38:00 UTC,London,1411960,mandapanda,Amanda Cogan Barber,2019-05-01 18:25:38 UTC,2026-02-19 10:43:32 UTC,research,CC-BY-NC,https://www.inaturalist.org/observations/24302400,https://inaturalist-open-data.s3.amazonaws.com/photos/37577833/medium.jpeg,NA,NA,NA,2,0,false,NA,"Newton-le-Willows, UK",53.4445833333,-2.62276,NA,NA,NA,NA,NA,NA,NA,false,NA,NA,Western Honey Bee,Apis mellifera,Western Honey Bee,Insecta,47219,Taraxacum,Yes,liverpool,2019,liverpool_19.csv
24316288,9958e443-a44d-415d-a97c-97ac537f1186,2019-04-29 1:09:01 pm BST,2019-04-29,2019-04-29 13:09:01 UTC,UTC,1441103,ela29,NA,2019-05-01 20:54:34 UTC,2026-02-19 10:37:55 UTC,research,CC-BY-NC,https://www.inaturalist.org/observations/24316288,https://inaturalist-open-data.s3.amazonaws.com/photos/37598691/medium.jpeg,NA,NA,NA,1,0,false,2,"Maryland House, Georgia Cl, Bootle L20 4FE, UK",53.4494290045,-2.9952878505,175,NA,NA,NA,175,NA,NA,false,gps,gps,Early Mining Bee,Andrena haemorrhoa,Early Mining Bee,Insecta,69202,NA,No,liverpool,2019,liverpool_19.csv
24505303,76b5c7d8-c469-4755-8cf1-c2baceae721d,2019/04/29 9:14 AM BST,2019-04-29,2019-04-29 08:14:00 UTC,Edinburgh,1411053,ripsawpritchard,Mark Pritchard,2019-05-04 12:44:06 UTC,2026-02-19 10:36:31 UTC,research,CC-BY-NC,https://www.inaturalist.org/observations/24505303,https://inaturalist-open-data.s3.amazonaws.com/photos/37891127/medium.jpeg,NA,NA,NA,1,0,false,NA,"Ravenhead Nature Park, St. Helens, Merseyside, England, United Kingdom",53.4413797222,-2.7333869444,NA,NA,NA,NA,NA,NA,NA,false,NA,NA,Tree Bumble Bee,Bombus hypnorum,Tree Bumble Bee,Insecta,61803,NA,No,liverpool,2019,liverpool_19.csv
24505321,77ef5afc-b5a8-4911-a9d5-de73aa41ecf4,2019/04/29 10:15 AM BST,2019-04-29,2019-04-29 09:15:00 UTC,Edinburgh,1411053,ripsawpritchard,Mark Pritchard,2019-05-04 12:44:15 UTC,2026-02-19 10:44:47 UTC,research,CC-BY-NC,https://www.inaturalist.org/observations/24505321,https://inaturalist-open-data.s3.amazonaws.com/photos/37891292/medium.jpeg,NA,NA,NA,1,0,false,NA,"Ravenhead Nature Park, St. Helens, Merseyside, England, United Kingdom",53.4399566667,-2.7397422222,NA,NA,NA,NA,NA,NA,NA,false,NA,NA,Wiesenhummel,Bombus pratorum,Early Bumble Bee,Insecta,124910,Taraxacum,Yes,liverpool,2019,liverpool_19.csv
24507491,fa2a2936-d928-4ade-9ba6-edd627d2d90b,2019/04/29 12:54 PM BST,2019-04-29,2019-04-29 11:54:00 UTC,Edinburgh,1411053,ripsawpritchard,Mark Pritchard,2019-05-04 13:33:33 UTC,2026-02-19 10:46:21 UTC,research,CC-BY-NC,https://www.inaturalist.org/observations/24507491,https://inaturalist-open-data.s3.amazonaws.com/photos/37894749/medium.jpeg,NA,NA,NA,1,0,false,NA,"Oak Grove Farm, Thornton Hough",53.3215358333,-3.0266694444,NA,NA,NA,NA,NA,NA,NA,false,NA,NA,Red Mason Bee,Osmia bicornis,Red Mason Bee,Insecta,876599,NA,No,liverpool,2019,liverpool_19.csv
24552683,9b28bce9-748e-4167-8d5e-b0d079fd6fb9,2019-04-29 12:11:46 pm BST,2019-04-29,2019-04-29 12:11:46 UTC,UTC,1719881,andrea966,Andrea Wyvern,2019-05-05 00:01:15 UTC,2026-02-19 10:36:17 UTC,research,NA,https://www.inaturalist.org/observations/24552683,https://static.inaturalist.org/photos/37965519/medium.jpeg,NA,NA,They have made a nest in my bird house.,2,0,false,2,"1 Trentham St, Runcorn WA7 1EZ, UK",53.3438873291,-2.7427778244,NA,NA,NA,NA,NA,NA,NA,false,gps,gps,Tree Bumble Bee,Bombus hypnorum,Tree Bumble Bee,Insecta,61803,NA,No,liverpool,2019,liverpool_19.csv
24599687,db78a9e8-c549-4af8-a891-12055fb3b719,2019/04/28 2:59 PM BST,2019-04-28,2019-04-28 09:59:00 UTC,Tashkent,1633545,romany,Dr Nigel Blackstock,2019-05-05 16:55:48 UTC,2026-02-19 10:41:20 UTC,research,CC-BY-NC,https://www.inaturalist.org/observations/24599687,https://inaturalist-open-data.s3.amazonaws.com/photos/38036921/medium.jpg,NA,NA,NA,2,0,false,NA,"Leighton Dr, Saint Helens, UK",53.4329289525,-2.713953905,15,NA,NA,NA,15,NA,open,false,NA,NA,Tawny Mining Bee,Andrena fulva,Tawny Mining Bee,Insecta,60579,NA,No,liverpool,2019,liverpool_19.csv
24613445,9d21c211-33a5-414c-8cff-5a4c2fc1e0fd,2019/04/29 5:56 PM BST,2019-04-29,2019-04-29 16:56:00 UTC,Europe/London,1411960,mandapanda,Amanda Cogan Barber,2019-05-05 19:46:07 UTC,2026-02-19 10:36:07 UTC,research,CC-BY-NC,https://www.inaturalist.org/observations/24613445,https://inaturalist-open-data.s3.amazonaws.com/photos/38056918/medium.jpeg,NA,NA,NA,2,0,false,NA,"Newton-le-Willows, UK",53.4457266667,-2.626745,NA,NA,NA,NA,NA,NA,NA,false,NA,NA,Tree Bumble Bee,Bombus hypnorum,Tree Bumble Bee,Insecta,61803,Allium ursinum,Yes,liverpool,2019,liverpool_19.csv
24622537,ff1ce2c2-b881-4285-8fdf-6faac6d593db,2019/04/29 4:57 PM BST,2019-04-29,2019-04-29 15:57:00 UTC,Europe/London,1411960,mandapanda,Amanda Cogan Barber,2019-05-05 21:45:08 UTC,2026-02-19 10:37:45 UTC,research,CC-BY-NC,https://www.inaturalist.org/observations/24622537,https://inaturalist-open-data.s3.amazonaws.com/photos/38070585/medium.jpeg,NA,NA,NA,2,0,false,NA,"Newton-le-Willows, UK",53.4448783333,-2.618095,NA,NA,NA,NA,NA,NA,NA,false,NA,NA,Early Mining Bee,Andrena haemorrhoa,Early Mining Bee,Insecta,69202,Taraxacum,Yes,liverpool,2019,liverpool_19.csv
37781603,8711b1ab-52c9-409a-bced-ab43fd92eb4a,2019/04/28 1:10 PM BST,2019-04-28,2019-04-28 12:10:00 UTC,London,1821870,kieran_r,Kieran Richardson,2020-01-20 15:31:56 UTC,2026-02-19 10:37:35 UTC,research,NA,https://www.inaturalist.org/observations/37781603,https://inaturalist-open-data.s3.amazonaws.com/photos/59964754/medium.jpeg,NA,NA,NA,2,0,false,NA,"Bromborough, Birkenhead, Wirral, UK",53.3274441693,-2.9700097215,146,NA,NA,NA,146,NA,NA,false,NA,NA,Early Mining Bee,Andrena haemorrhoa,Early Mining Bee,Insecta,69202,NA,No,liverpool,2019,liverpool_19.csv
37781605,70ebd819-0266-42dc-b174-c37f84d34abf,2019/04/28 1:47 PM BST,2019-04-28,2019-04-28 12:47:00 UTC,London,1821870,kieran_r,Kieran Richardson,2020-01-20 15:31:58 UTC,2026-02-19 10:40:56 UTC,research,NA,https://www.inaturalist.org/observations/37781605,https://inaturalist-open-data.s3.amazonaws.com/photos/59964785/medium.jpeg,NA,NA,NA,3,0,false,NA,"Birkenhead, UK",53.3306846203,-2.9585996221,183,NA,NA,NA,183,NA,open,false,NA,NA,Rotpelzige Sandbiene,Andrena fulva,Tawny Mining Bee,Insecta,60579,NA,No,liverpool,2019,liverpool_19.csv
37783066,a8a37134-f1b1-4867-b76a-65dba987ec39,2019/04/28 1:42 PM BST,2019-04-28,2019-04-28 12:42:00 UTC,London,1821870,kieran_r,Kieran Richardson,2020-01-20 16:20:32 UTC,2026-02-19 10:34:01 UTC,research,NA,https://www.inaturalist.org/observations/37783066,https://inaturalist-open-data.s3.amazonaws.com/photos/59966608/medium.jpeg,NA,NA,NA,2,0,false,NA,"Birkenhead, UK",53.3291030553,-2.9566498294,55,NA,NA,NA,55,NA,NA,false,NA,NA,Large Red-tailed Bumble Bee,Bombus lapidarius,Red-tailed Bumble Bee,Insecta,57619,Taraxacum,Yes,liverpool,2019,liverpool_19.csv
23108693,8cbf3b35-a4dd-4308-bb48-55d9cd1c2db0,Fri Apr 26 2019 10:01:12 GMT+0100 (GMT+1),2019-04-26,2019-04-26 08:01:12 UTC,Amsterdam,353381,wildhamandpetersham,Paul Cook,2019-04-26 09:02:07 UTC,2026-02-19 10:53:56 UTC,research,CC-BY,https://www.inaturalist.org/observations/23108693,https://inaturalist-open-data.s3.amazonaws.com/photos/35825654/medium.jpg,NA,NA,NA,1,0,false,3,"Richmond Park, Richmond, England, GB",51.4339666667,-0.3017833333,10,NA,NA,NA,10,NA,NA,false,NA,NA,NA,Andrena cineraria,Ashy Mining Bee,Insecta,70400,NA,No,london,2019,london_19.csv
23115293,bca22aa3-bf70-4982-a497-5a0e53e66168,Fri Apr 26 2019 12:16:28 GMT+0100 (GMT+1),2019-04-26,2019-04-26 10:16:28 UTC,Amsterdam,1669992,ethom_16,NA,2019-04-26 11:20:59 UTC,2026-02-18 21:03:37 UTC,research,CC-BY-NC,https://www.inaturalist.org/observations/23115293,https://inaturalist-open-data.s3.amazonaws.com/photos/35834910/medium.jpg,NA,NA,NA,1,0,false,3,"8A Battersea Park Road, London, England, GB",51.4772742808,-0.1464892208,65,NA,NA,NA,65,NA,NA,false,NA,NA,Western Honey Bee,Apis mellifera,Western Honey Bee,Insecta,47219,NA,No,london,2019,london_19.csv
23120784,13afb99c-3a2e-4bcb-8271-75a74f5d62a8,2019-04-26 1:25:53 pm BST,2019-04-26,2019-04-26 13:25:53 UTC,UTC,1670296,tarasbains,NA,2019-04-26 12:29:11 UTC,2026-02-19 10:50:34 UTC,research,CC-BY-NC,https://www.inaturalist.org/observations/23120784,https://inaturalist-open-data.s3.amazonaws.com/photos/35842140/medium.jpeg,NA,NA,NA,2,0,false,2,"Gordon Square, Kings Cross, London WC1H 0PD, UK",51.5247985,-0.1305381,20,NA,NA,NA,20,NA,NA,false,NA,NA,Western Honey Bee,Apis mellifera,Western Honey Bee,Insecta,47219,Pentaglottis sempervirens,Yes,london,2019,london_19.csv
23126100,2758374b-6ac7-4b03-a22d-deb844483a07,Fri Apr 26 2019 14:06:49 GMT+0100 (GMT+1),2019-04-26,2019-04-26 12:06:49 UTC,Amsterdam,1671384,alisondent,NA,2019-04-26 13:14:41 UTC,2026-02-19 10:50:22 UTC,research,CC-BY-NC,https://www.inaturalist.org/observations/23126100,https://inaturalist-open-data.s3.amazonaws.com/photos/35849285/medium.jpg,NA,NA,NA,2,0,false,3,"Hyde Park, London, England, GB",51.5063360217,-0.161506308,1999,NA,NA,NA,1999,NA,NA,false,NA,NA,Western Honey Bee,Apis mellifera,Western Honey Bee,Insecta,47219,Myosotis,Yes,london,2019,london_19.csv
23131445,00ce7022-062c-418a-bb4d-71fc96ceb158,Fri Apr 26 2019 14:47:56 GMT+0100 (GMT+1),2019-04-26,2019-04-26 12:47:56 UTC,Amsterdam,908252,sjleaman,NA,2019-04-26 13:53:41 UTC,2026-02-18 21:03:14 UTC,research,NA,https://www.inaturalist.org/observations/23131445,https://static.inaturalist.org/photos/35856324/medium.jpg,NA,NA,NA,2,0,false,3,"Alder Castle, 10 Noble Street, London, England, GB",51.5167351711,-0.0958695231,23,NA,NA,NA,23,NA,NA,false,NA,NA,Western Honey Bee,Apis mellifera,Western Honey Bee,Insecta,47219,NA,No,london,2019,london_19.csv
23132744,066e84d9-6d78-487c-b346-fea2474c9267,Fri Apr 26 2019 14:56:06 GMT+0100 (GMT+1),2019-04-26,2019-04-26 12:56:06 UTC,Amsterdam,908252,sjleaman,NA,2019-04-26 14:02:04 UTC,2026-02-19 10:52:36 UTC,research,NA,https://www.inaturalist.org/observations/23132744,https://static.inaturalist.org/photos/35858068/medium.jpg,NA,NA,NA,2,0,false,3,"Alder Castle, 10 Noble Street, London, England, GB",51.5167727902,-0.0958717056,22,NA,NA,NA,22,NA,NA,false,NA,NA,Common Carder Bee,Bombus pascuorum,Common Carder Bee,Insecta,55637,NA,Yes,london,2019,london_19.csv
23134135,741c9fb1-8c95-4765-8dfe-162e640105f3,Fri Apr 26 2019 13:48:01 GMT+0100 (GMT+1),2019-04-26,2019-04-26 11:48:01 UTC,Amsterdam,783022,penguingalaxy,Alice Sheppard,2019-04-26 14:11:33 UTC,2026-02-19 10:48:36 UTC,research,CC-BY-NC,https://www.inaturalist.org/observations/23134135,https://inaturalist-open-data.s3.amazonaws.com/photos/35859925/medium.jpg,NA,NA,NA,2,0,false,3,"Gordon Square, London, England, GB",51.5245900795,-0.1311014193,24,NA,NA,NA,24,NA,NA,false,NA,NA,Western Honey Bee,Apis mellifera,Western Honey Bee,Insecta,47219,Allium ursinum,Yes,london,2019,london_19.csv
23136361,2731b1a1-ea81-414a-8c9c-a77160a790c5,Fri Apr 26 2019 15:25:54 GMT+0100 (GMT+1),2019-04-26,2019-04-26 14:25:54 UTC,Dublin,796473,bryonycross,NA,2019-04-26 14:26:07 UTC,2026-02-19 10:58:01 UTC,research,CC-BY-NC,https://www.inaturalist.org/observations/23136361,https://inaturalist-open-data.s3.amazonaws.com/photos/35864490/medium.jpg,NA,NA,NA,1,0,false,3,"Hyde Park, London, England, GB",51.5079977504,-0.1616476849,5,NA,NA,NA,5,NA,NA,false,NA,NA,Buff-tailed Bumble Bee,Bombus terrestris,Buff-tailed Bumble Bee,Insecta,57516,Pentaglottis sempervirens,Yes,london,2019,london_19.csv
23168112,327af042-e203-411b-ac77-8dda03a9cfe1,Fri Apr 26 2019 17:54:57 GMT+0100 (GMT+1),2019-04-26,2019-04-26 15:54:57 UTC,Amsterdam,1656460,adunster,NA,2019-04-26 16:57:22 UTC,2026-02-19 10:53:50 UTC,research,CC-BY-NC,https://www.inaturalist.org/observations/23168112,https://inaturalist-open-data.s3.amazonaws.com/photos/35906754/medium.jpg,NA,NA,NA,1,0,false,3,"Greenwich Park, London, England, GB",51.4735264611,0.0007602386,10,NA,NA,NA,10,NA,NA,false,NA,NA,Ashy Mining Bee,Andrena cineraria,Ashy Mining Bee,Insecta,70400,NA,No,london,2019,london_19.csv
23181637,ae3fab5f-f9d9-4688-bfb3-dc954736e225,2019/04/26 5:08 PM UTC,2019-04-26,NA,UTC,1670953,foggyknitter,NA,2019-04-26 17:57:25 UTC,2026-02-19 10:56:07 UTC,research,CC-BY-NC,https://www.inaturalist.org/observations/23181637,https://inaturalist-open-data.s3.amazonaws.com/photos/35926002/medium.jpg,NA,NA,NA,1,0,false,NA,"England, GB",51.3360663175,-0.1866779853,1354,NA,NA,NA,26229,obscured,NA,true,NA,NA,Hairy-footed Flower Bee,Anthophora plumipes,Hairy-footed Flower Bee,Insecta,124542,Symphytum,Yes,london,2019,london_19.csv
23224156,6766256a-2e13-41ff-b89f-f62d319bb89c,Fri Apr 26 2019 16:27:09 GMT+0100 (GMT+1),2019-04-26,2019-04-26 14:27:09 UTC,Amsterdam,353381,wildhamandpetersham,Paul Cook,2019-04-26 21:13:26 UTC,2026-02-19 10:58:24 UTC,research,CC-BY,https://www.inaturalist.org/observations/23224156,https://inaturalist-open-data.s3.amazonaws.com/photos/35986783/medium.jpg,NA,NA,Beaten from Oak (Quercus sp),1,0,false,3,"177 Wigley Road, Feltham, England, GB",51.44533,-0.38823,5,NA,NA,NA,5,NA,NA,false,NA,NA,Grey-patched Mining Bee,Andrena nitida,Grey-patched Mining Bee,Insecta,460837,NA,No,london,2019,london_19.csv
23230555,7836f97c-7a3c-4813-b516-1889e58a350e,Fri Apr 26 2019 16:20:23 GMT+0100 (GMT+1),2019-04-26,2019-04-26 14:20:23 UTC,Amsterdam,353381,wildhamandpetersham,Paul Cook,2019-04-26 21:46:05 UTC,2026-02-19 10:57:03 UTC,research,CC-BY,https://www.inaturalist.org/observations/23230555,https://inaturalist-open-data.s3.amazonaws.com/photos/35996578/medium.jpg,NA,NA,Beaten from Oak (Quercus sp),1,0,false,3,"177 Wigley Road, Feltham, England, GB",51.4454916667,-0.388325,10,NA,NA,NA,10,NA,NA,false,NA,NA,Early Mining Bee,Andrena haemorrhoa,Early Mining Bee,Insecta,69202,NA,No,london,2019,london_19.csv
23252421,5f9d3b4b-407a-4e2f-b2e1-ef4a65c12d8a,Fri Apr 26 2019 15:58:55 GMT+0100 (GMT+1),2019-04-26,2019-04-26 13:58:55 UTC,Amsterdam,353381,wildhamandpetersham,Paul Cook,2019-04-26 23:37:26 UTC,2026-02-19 10:53:42 UTC,research,CC-BY,https://www.inaturalist.org/observations/23252421,https://inaturalist-open-data.s3.amazonaws.com/photos/36029908/medium.jpg,NA,NA,NA,3,0,false,3,"177 Wigley Road, Feltham, England, GB",51.44602,-0.38878,10,NA,NA,NA,10,NA,NA,false,NA,NA,NA,Andrena cineraria,Ashy Mining Bee,Insecta,70400,NA,No,london,2019,london_19.csv
23340205,a96f8061-94fd-48b5-8329-83ba1c42415b,Sat Apr 27 2019 12:10:25 GMT+0100 (GMT+1),2019-04-27,2019-04-27 11:10:25 UTC,Dublin,796473,bryonycross,NA,2019-04-27 11:11:40 UTC,2026-02-19 10:55:48 UTC,research,CC-BY-NC,https://www.inaturalist.org/observations/23340205,https://inaturalist-open-data.s3.amazonaws.com/photos/36160113/medium.jpg,NA,NA,"Female
",1,0,false,3,"Hyde Park, London, England, GB",51.5081973654,-0.1619082782,5,NA,NA,NA,5,NA,NA,false,NA,NA,Anthophora plumipes,Anthophora plumipes,Hairy-footed Flower Bee,Insecta,124542,NA,No,london,2019,london_19.csv
23341077,af3ebcac-6aeb-40d2-9dcd-39d84c214db3,2019-04-27 10:01:18 am BST,2019-04-27,2019-04-27 09:01:18 UTC,Europe/London,137006,timharris,NA,2019-04-27 11:20:50 UTC,2026-02-22 14:08:50 UTC,research,CC-BY,https://www.inaturalist.org/observations/23341077,https://inaturalist-open-data.s3.amazonaws.com/photos/36161136/medium.jpeg,NA,NA,NA,2,0,false,2,"144 Cygnet Ave, Feltham TW14 0DT, UK",51.45222902,-0.39155252,9,NA,NA,NA,9,NA,NA,false,NA,NA,Common Carder Bee,Bombus pascuorum,Common Carder Bee,Insecta,55637,Lamium album,Yes,london,2019,london_19.csv
23361598,a92cebb2-7a9f-43c1-ab4b-59ab46173102,Sat Apr 27 2019 14:48:12 GMT+0100 (GMT+1),2019-04-27,2019-04-27 13:48:12 UTC,Dublin,796473,bryonycross,NA,2019-04-27 13:51:02 UTC,2026-02-19 10:52:14 UTC,research,CC-BY-NC,https://www.inaturalist.org/observations/23361598,https://inaturalist-open-data.s3.amazonaws.com/photos/36189027/medium.jpg,NA,NA,NA,2,0,false,3,"Hyde Park, London, England, GB",51.5082689468,-0.162001485,10,NA,NA,NA,10,NA,NA,false,NA,NA,Common Carder Bee,Bombus pascuorum,Common Carder Bee,Insecta,55637,NA,No,london,2019,london_19.csv
23362541,8260efce-6864-49df-b7ac-91e5d5f16b42,Sat Apr 27 2019 14:47:48 GMT+0100 (GMT+1),2019-04-27,2019-04-27 12:47:48 UTC,Amsterdam,1682356,may39,May Webber,2019-04-27 13:55:28 UTC,2026-02-19 10:52:07 UTC,research,NA,https://www.inaturalist.org/observations/23362541,https://static.inaturalist.org/photos/36190405/medium.jpg,NA,NA,NA,1,0,false,3,"Hatton House Hindmarsh Close, London, England, GB",51.5099635677,-0.0650650294,22,NA,NA,NA,22,NA,NA,false,NA,NA,Common Carder Bee,Bombus pascuorum,Common Carder Bee,Insecta,55637,Lamium album,Yes,london,2019,london_19.csv
23367081,39b7bdef-bca2-4e2c-b255-152a5982c173,2019-04-27 3:13:39 pm BST,2019-04-27,2019-04-27 14:13:39 UTC,Edinburgh,1663529,brisspot1,NA,2019-04-27 14:16:04 UTC,2026-02-22 14:09:10 UTC,research,CC-BY-NC,https://www.inaturalist.org/observations/23367081,https://inaturalist-open-data.s3.amazonaws.com/photos/36196454/medium.jpeg,NA,NA,NA,1,0,false,2,"Holland Park, London UK",51.50226019,-0.20592624,4,NA,NA,NA,4,NA,NA,false,NA,NA,Common Carder Bee,Bombus pascuorum,Common Carder Bee,Insecta,55637,Malus,Yes,london,2019,london_19.csv
23369269,44157d6e-ae00-4740-8828-0288a5075265,Sat Apr 27 2019 15:25:07 GMT+0100 (GMT+1),2019-04-27,2019-04-27 13:25:07 UTC,Amsterdam,883351,vshennan,NA,2019-04-27 14:25:24 UTC,2026-02-18 21:02:58 UTC,research,NA,https://www.inaturalist.org/observations/23369269,https://static.inaturalist.org/photos/36199179/medium.jpg,NA,NA,NA,1,0,false,3,"Hyde Park, London, England, GB",51.507328162,-0.1661305781,10,NA,NA,NA,10,NA,NA,false,NA,NA,Western Honey Bee,Apis mellifera,Western Honey Bee,Insecta,47219,NA,No,london,2019,london_19.csv
23374468,82f1d733-278a-4a08-9989-72007f176a38,Sat Apr 27 2019 15:43:56 GMT+0100 (GMT+1),2019-04-27,2019-04-27 13:43:56 UTC,Amsterdam,885619,alaughton,NA,2019-04-27 14:46:10 UTC,2026-02-18 21:02:50 UTC,research,NA,https://www.inaturalist.org/observations/23374468,https://static.inaturalist.org/photos/36207673/medium.jpg,NA,NA,NA,1,0,false,3,"Hyde Park, London, England, GB",51.5074114362,-0.1664253697,30,NA,NA,NA,30,NA,NA,false,NA,NA,Western Honey Bee,Apis mellifera,Western Honey Bee,Insecta,47219,NA,No,london,2019,london_19.csv
23473329,c6015495-1cc3-4c7b-8a81-07c090188b93,2019/04/27 5:39 PM UTC,2019-04-27,NA,UTC,159021,muki,Muki Haklay,2019-04-27 21:10:06 UTC,2026-02-19 10:51:37 UTC,research,CC-BY,https://www.inaturalist.org/observations/23473329,https://inaturalist-open-data.s3.amazonaws.com/photos/36346665/medium.jpeg,NA,NA,NA,2,0,false,NA,"Elstree WD6, UK",51.658215,-0.2925333333,NA,NA,NA,NA,NA,NA,NA,false,NA,NA,Common Carder Bee,Bombus pascuorum,Common Carder Bee,Insecta,55637,Lamium album,Yes,london,2019,london_19.csv
23614011,86b41ef2-01cd-459a-9f5b-9ecd78eb1c41,Sun Apr 28 2019 13:37:44 GMT+0100 (GMT+1),2019-04-28,2019-04-28 11:37:44 UTC,Amsterdam,1613781,mark627,Mark Renton,2019-04-28 12:38:58 UTC,2026-02-19 10:53:33 UTC,research,NA,https://www.inaturalist.org/observations/23614011,https://static.inaturalist.org/photos/36559422/medium.jpg,NA,NA,NA,2,0,false,3,"The Causeway, London, England, GB",51.4259072224,-0.2228694967,8,NA,NA,NA,8,NA,NA,false,NA,NA,Ashy Mining Bee,Andrena cineraria,Ashy Mining Bee,Insecta,70400,NA,No,london,2019,london_19.csv
23628419,6e56d44e-a845-4a01-8811-124aa45e32b3,Sun Apr 28 2019 15:09:15 GMT+0100 (GMT+1),2019-04-28,2019-04-28 13:09:15 UTC,Amsterdam,1634747,melandtom,NA,2019-04-28 14:09:20 UTC,2026-02-18 21:02:41 UTC,research,CC-BY-NC,https://www.inaturalist.org/observations/23628419,https://inaturalist-open-data.s3.amazonaws.com/photos/36579103/medium.jpg,NA,NA,NA,2,0,false,3,"Oasis Academy Hextable, Swanley, England, GB",51.407164,0.1766574103,30,NA,NA,NA,30,NA,NA,false,NA,NA,Western Honey Bee,Apis mellifera,Western Honey Bee,Insecta,47219,NA,No,london,2019,london_19.csv
23640421,bce95eb9-c63e-41a2-b0b2-4c96e1df2982,Sun Apr 28 2019 15:57:17 GMT+0100 (GMT+1),2019-04-28,2019-04-28 13:57:17 UTC,Amsterdam,1688908,rewildmystreet,NA,2019-04-28 14:59:18 UTC,2026-02-18 21:02:32 UTC,research,CC-BY-NC,https://www.inaturalist.org/observations/23640421,https://inaturalist-open-data.s3.amazonaws.com/photos/36595169/medium.jpg,NA,NA,NA,1,0,false,3,"England, GB",51.4907357309,-0.1349991689,22,NA,NA,NA,26196,obscured,NA,true,NA,NA,Western Honey Bee,Apis mellifera,Western Honey Bee,Insecta,47219,NA,No,london,2019,london_19.csv
23648374,abd6e5c4-0ca6-4f84-b80b-1448577c56df,2019-04-28 3:44:33 pm BST,2019-04-28,2019-04-29 01:44:33 UTC,Hawaii,894051,victoriajburton,Victoria J. Burton,2019-04-28 15:31:56 UTC,2026-02-19 10:55:37 UTC,research,CC0,https://www.inaturalist.org/observations/23648374,https://inaturalist-open-data.s3.amazonaws.com/photos/36606172/medium.jpeg,NA,NA,NA,1,0,false,2,"2 Garden Cottages, Main Rd, Orpington BR5 3HN, UK",51.40222183,0.11690038,7,NA,NA,NA,7,NA,NA,false,NA,NA,Hairy-footed Flower Bee,Anthophora plumipes,Hairy-footed Flower Bee,Insecta,124542,Symphytum,Yes,london,2019,london_19.csv
23668997,07f47396-3398-4c7b-b051-f09661933279,Sun Apr 28 2019 11:22:31 GMT+0100 (GMT+1),2019-04-28,2019-04-28 09:22:31 UTC,Amsterdam,353381,wildhamandpetersham,Paul Cook,2019-04-28 16:45:22 UTC,2026-02-19 10:53:26 UTC,research,CC-BY,https://www.inaturalist.org/observations/23668997,https://inaturalist-open-data.s3.amazonaws.com/photos/36634021/medium.jpg,NA,NA,NA,1,0,false,3,"Richmond Park, Richmond, England, GB",51.434875,-0.3021116667,10,NA,NA,NA,10,NA,NA,false,NA,NA,NA,Andrena cineraria,Ashy Mining Bee,Insecta,70400,NA,No,london,2019,london_19.csv
23881482,72ad54c5-9edd-45e9-bd28-33d446974129,Mon Apr 29 2019 10:39:35 GMT+0100 (GMT+1),2019-04-29,2019-04-29 08:39:35 UTC,Amsterdam,1245075,juleswaite,NA,2019-04-29 09:39:39 UTC,2026-02-19 10:55:11 UTC,research,NA,https://www.inaturalist.org/observations/23881482,https://static.inaturalist.org/photos/36950812/medium.jpg,NA,NA,NA,2,0,false,3,"Barbican Wildlife Garden, Barbican, London, England, GB",51.521256353,-0.0964685996,6,NA,NA,NA,6,NA,NA,false,NA,NA,Hairy-footed Flower Bee,Anthophora plumipes,Hairy-footed Flower Bee,Insecta,124542,Symphytum,Yes,london,2019,london_19.csv
23885078,f4987a5a-27a0-46d2-870b-1cbef0616927,Mon Apr 29 2019 11:20:06 GMT+0100 (GMT+1),2019-04-29,2019-04-29 09:20:06 UTC,Amsterdam,1245075,juleswaite,NA,2019-04-29 10:20:09 UTC,2026-02-19 10:55:00 UTC,research,NA,https://www.inaturalist.org/observations/23885078,https://static.inaturalist.org/photos/36955837/medium.jpg,NA,NA,NA,4,2,false,3,"Barbican Wildlife Garden, Barbican, London, England, GB",51.5211092268,-0.0960468808,4,NA,NA,NA,4,NA,NA,false,NA,NA,Hairy-footed Flower Bee,Anthophora plumipes,Hairy-footed Flower Bee,Insecta,124542,Symphytum,Yes,london,2019,london_19.csv
23891210,63a64ca5-dbf9-4846-8d4f-e3e17280580e,2019-04-29 12:20:46 pm BST,2019-04-29,2019-04-29 12:20:46 UTC,UTC,1672319,jbromhead,James Bromhead,2019-04-29 11:21:33 UTC,2026-02-19 10:48:16 UTC,research,CC-BY-NC,https://www.inaturalist.org/observations/23891210,https://inaturalist-open-data.s3.amazonaws.com/photos/36964851/medium.jpeg,NA,NA,NA,2,0,false,2,"32 Rookwood Ave, Loughton IG10 2DG, UK",51.6514306534,0.0871502043,12,NA,NA,NA,12,NA,NA,false,NA,NA,Western Honey Bee,Apis mellifera,Western Honey Bee,Insecta,47219,Taraxacum,Yes,london,2019,london_19.csv
23921208,7ab47507-7e58-4eff-a846-6300720bfae0,2019-04-29 3:14:36 pm BST,2019-04-29,2019-04-29 15:14:36 UTC,UTC,1695874,joelb98,NA,2019-04-29 14:20:17 UTC,2026-02-19 10:48:06 UTC,research,CC-BY-NC,https://www.inaturalist.org/observations/23921208,https://inaturalist-open-data.s3.amazonaws.com/photos/37007362/medium.jpeg,NA,NA,NA,2,0,false,2,"Unnamed Road, London W2 2AR, UK",51.5078266339,-0.1616365936,24,NA,NA,NA,24,NA,NA,false,NA,NA,Western Honey Bee,Apis mellifera,Western Honey Bee,Insecta,47219,Pentaglottis sempervirens,Yes,london,2019,london_19.csv
23921319,7f983040-965d-4a09-ae8d-6b7e17f8783f,2019-04-29 3:16:37 pm BST,2019-04-29,2019-04-29 15:16:37 UTC,UTC,1695874,joelb98,NA,2019-04-29 14:20:37 UTC,2026-02-19 10:47:57 UTC,research,CC-BY-NC,https://www.inaturalist.org/observations/23921319,https://inaturalist-open-data.s3.amazonaws.com/photos/37007489/medium.jpeg,NA,NA,NA,2,0,false,2,"Unnamed Road, London W2 2AR, UK",51.5078796381,-0.1615790867,6,NA,NA,NA,6,NA,NA,false,NA,NA,Western Honey Bee,Apis mellifera,Western Honey Bee,Insecta,47219,Pentaglottis sempervirens,Yes,london,2019,london_19.csv
23931874,524026f9-9963-455b-a9da-d83041e511db,Mon Apr 29 2019 16:00:54 GMT+0100 (GMT+1),2019-04-29,2019-04-29 14:00:54 UTC,Amsterdam,1245075,juleswaite,NA,2019-04-29 15:01:09 UTC,2026-02-19 10:51:21 UTC,research,NA,https://www.inaturalist.org/observations/23931874,https://static.inaturalist.org/photos/37021628/medium.jpg,NA,NA,NA,2,0,false,3,"Barbican Wildlife Garden, Barbican, London, England, GB",51.5213266416,-0.0963774054,9,NA,NA,NA,9,NA,NA,false,NA,NA,Common Carder Bee,Bombus pascuorum,Common Carder Bee,Insecta,55637,Lamium album,Yes,london,2019,london_19.csv
23933212,acdd4c1d-d1bc-4d05-be35-5aa94f36af0b,Mon Apr 29 2019 16:06:18 GMT+0100 (GMT+1),2019-04-29,2019-04-29 14:06:18 UTC,Amsterdam,1696420,rangerpat,NA,2019-04-29 15:06:31 UTC,2026-02-19 10:47:35 UTC,research,CC-BY-NC,https://www.inaturalist.org/observations/23933212,https://inaturalist-open-data.s3.amazonaws.com/photos/37023383/medium.jpg,NA,NA,NA,2,0,false,3,"Richmond Park, Richmond, England, GB",51.4481154643,-0.2664959896,10,NA,NA,NA,10,NA,NA,false,NA,NA,Western Honey Bee,Apis mellifera,Western Honey Bee,Insecta,47219,Crataegus,Yes,london,2019,london_19.csv
23954119,98f051c4-c4ff-45aa-aa86-b6f476c24e5d,Mon Apr 29 2019 14:49:45 GMT+0100 (GMT+1),2019-04-29,2019-04-29 12:49:45 UTC,Amsterdam,353381,wildhamandpetersham,Paul Cook,2019-04-29 16:25:00 UTC,2026-02-19 10:56:56 UTC,research,CC-BY,https://www.inaturalist.org/observations/23954119,https://inaturalist-open-data.s3.amazonaws.com/photos/37054279/medium.jpg,NA,NA,NA,1,0,false,3,"TW1, Twickenham, England, GB",51.4435216667,-0.326525,10,NA,NA,NA,10,NA,NA,false,NA,NA,Early Mining Bee,Andrena haemorrhoa,Early Mining Bee,Insecta,69202,NA,No,london,2019,london_19.csv
23954907,62fee04f-5393-483e-81af-87f3f139160d,Mon Apr 29 2019 17:27:37 GMT+0100 (GMT+1),2019-04-29,2019-04-29 15:27:37 UTC,Amsterdam,1657945,charlielinton,NA,2019-04-29 16:28:05 UTC,2026-02-19 10:47:12 UTC,research,CC-BY-NC,https://www.inaturalist.org/observations/23954907,https://inaturalist-open-data.s3.amazonaws.com/photos/37055312/medium.jpg,NA,NA,NA,1,0,false,3,"Hyde Park, London, England, GB",51.5078620054,-0.161709711,10,NA,NA,NA,10,NA,NA,false,NA,NA,Western Honey Bee,Apis mellifera,Western Honey Bee,Insecta,47219,Pentaglottis sempervirens,Yes,london,2019,london_19.csv
23955494,dc3ff225-de92-4a01-9b81-9679cd620139,Mon Apr 29 2019 17:29:58 GMT+0100 (GMT+1),2019-04-29,2019-04-29 15:29:58 UTC,Amsterdam,1657945,charlielinton,NA,2019-04-29 16:30:07 UTC,2026-02-19 10:46:57 UTC,research,CC-BY-NC,https://www.inaturalist.org/observations/23955494,https://inaturalist-open-data.s3.amazonaws.com/photos/37055927/medium.jpg,NA,NA,NA,1,0,false,3,"Hyde Park, London, England, GB",51.5078592813,-0.1616426557,10,NA,NA,NA,10,NA,NA,false,NA,NA,Western Honey Bee,Apis mellifera,Western Honey Bee,Insecta,47219,Pentaglottis sempervirens,Yes,london,2019,london_19.csv
24014439,6d08890f-c6ad-4f8f-b12f-7bd28961f8b6,Mon Apr 29 2019 18:47:45 GMT+0100 (GMT+1),2019-04-29,2019-04-29 16:47:45 UTC,Amsterdam,1682356,may39,May Webber,2019-04-29 20:26:09 UTC,2026-02-19 10:54:48 UTC,research,NA,https://www.inaturalist.org/observations/24014439,https://static.inaturalist.org/photos/37143073/medium.jpg,NA,NA,NA,2,0,false,3,"SE19, London, England, GB",51.4210883333,-0.0757888333,8,NA,NA,NA,8,NA,NA,false,NA,NA,Hairy-footed Flower Bee,Anthophora plumipes,Hairy-footed Flower Bee,Insecta,124542,Pentaglottis sempervirens,Yes,london,2019,london_19.csv
24027368,c9ecd942-4324-4db0-a854-c8c9f4555042,Mon Apr 29 2019 12:03:43 GMT+0100 (GMT+1),2019-04-29,2019-04-29 10:03:43 UTC,Amsterdam,353381,wildhamandpetersham,Paul Cook,2019-04-29 21:14:52 UTC,2026-02-19 10:53:19 UTC,research,CC-BY,https://www.inaturalist.org/observations/24027368,https://inaturalist-open-data.s3.amazonaws.com/photos/37161479/medium.jpg,NA,NA,NA,1,0,false,3,"TW10, Richmond, England, GB",51.44737,-0.3073966667,10,NA,NA,NA,10,NA,NA,false,NA,NA,NA,Andrena cineraria,Ashy Mining Bee,Insecta,70400,NA,No,london,2019,london_19.csv
24030818,5c3d7053-e284-4a25-b266-c9551520bf45,Mon Apr 29 2019 11:45:36 GMT+0100 (GMT+1),2019-04-29,2019-04-29 09:45:36 UTC,Amsterdam,353381,wildhamandpetersham,Paul Cook,2019-04-29 21:29:27 UTC,2026-02-18 21:01:24 UTC,research,CC-BY,https://www.inaturalist.org/observations/24030818,https://inaturalist-open-data.s3.amazonaws.com/photos/37166783/medium.jpg,NA,NA,NA,2,0,false,3,"TW10, Richmond, England, GB",51.4469083333,-0.3094466667,10,NA,NA,NA,10,NA,NA,false,NA,NA,NA,Apis mellifera,Western Honey Bee,Insecta,47219,NA,Yes,london,2019,london_19.csv
24047125,7d1650bf-c538-4a44-ad0b-9834d54cd74a,Mon Apr 29 2019 11:23:52 GMT+0100 (GMT+1),2019-04-29,2019-04-29 09:23:52 UTC,Amsterdam,353381,wildhamandpetersham,Paul Cook,2019-04-29 22:28:57 UTC,2026-02-19 10:56:45 UTC,research,CC-BY,https://www.inaturalist.org/observations/24047125,https://inaturalist-open-data.s3.amazonaws.com/photos/37190375/medium.jpg,NA,NA,NA,1,0,false,3,"TW10, Richmond, England, GB",51.4462133333,-0.3124666667,10,NA,NA,NA,10,NA,NA,false,NA,NA,Early Mining Bee,Andrena haemorrhoa,Early Mining Bee,Insecta,69202,NA,No,london,2019,london_19.csv
24365539,c6aa053c-e69f-4796-a5ec-82ca1e9a28d0,Fri Apr 26 2019 10:14:18 GMT+0100 (GMT+1),2019-04-26,2019-04-26 08:14:18 UTC,Amsterdam,353381,wildhamandpetersham,Paul Cook,2019-05-02 13:05:03 UTC,2026-02-19 10:57:31 UTC,research,CC-BY,https://www.inaturalist.org/observations/24365539,https://inaturalist-open-data.s3.amazonaws.com/photos/37676406/medium.jpg,NA,NA,NA,1,0,false,3,"Richmond Park, Richmond, England, GB",51.4338716667,-0.3007883333,10,NA,NA,NA,10,NA,NA,false,NA,NA,NA,Nomada goodeniana,Gooden's Nomad Bee,Insecta,127759,NA,No,london,2019,london_19.csv
24366041,dd271df6-3a1a-4ae1-926d-67a1a26b94a0,Fri Apr 26 2019 10:33:31 GMT+0100 (GMT+1),2019-04-26,2019-04-26 08:33:31 UTC,Amsterdam,353381,wildhamandpetersham,Paul Cook,2019-05-02 13:17:23 UTC,2026-02-19 10:53:03 UTC,research,CC-BY,https://www.inaturalist.org/observations/24366041,https://inaturalist-open-data.s3.amazonaws.com/photos/37677258/medium.jpg,NA,NA,NA,1,0,false,3,"Richmond Park, Richmond, England, GB",51.4336866667,-0.2999366667,10,NA,NA,NA,10,NA,NA,false,NA,NA,NA,Andrena cineraria,Ashy Mining Bee,Insecta,70400,NA,No,london,2019,london_19.csv
24367309,9283e22b-071b-41bf-bc8a-ec263fc14f85,Sun Apr 28 2019 11:49:44 GMT+0100 (GMT+1),2019-04-28,2019-04-28 09:49:44 UTC,Amsterdam,353381,wildhamandpetersham,Paul Cook,2019-05-02 13:47:49 UTC,2026-02-19 10:58:46 UTC,research,CC-BY,https://www.inaturalist.org/observations/24367309,https://inaturalist-open-data.s3.amazonaws.com/photos/37679380/medium.jpg,NA,NA,NA,1,0,false,3,"Richmond Park, Richmond, England, GB",51.433375,-0.3007083333,10,NA,NA,NA,10,NA,NA,false,NA,NA,Lathbury's Nomad Bee,Nomada lathburiana,Lathbury's Nomad Bee,Insecta,461045,NA,No,london,2019,london_19.csv
24396203,ddf655a9-5f66-4ed1-9493-a526a79b9d6a,Fri Apr 26 2019 10:26:25 GMT+0100 (GMT+1),2019-04-26,2019-04-26 08:26:25 UTC,Amsterdam,353381,wildhamandpetersham,Paul Cook,2019-05-02 20:52:38 UTC,2026-02-19 10:52:53 UTC,research,CC-BY,https://www.inaturalist.org/observations/24396203,https://inaturalist-open-data.s3.amazonaws.com/photos/37722005/medium.jpg,NA,NA,NA,1,0,false,3,"Richmond Park, Richmond, England, GB",51.4340083333,-0.30103,10,NA,NA,NA,10,NA,NA,false,NA,NA,NA,Andrena cineraria,Ashy Mining Bee,Insecta,70400,NA,No,london,2019,london_19.csv
24396279,f9031711-2a4d-4a55-ba90-0ed4c1500132,Fri Apr 26 2019 10:31:20 GMT+0100 (GMT+1),2019-04-26,2019-04-26 08:31:20 UTC,Amsterdam,353381,wildhamandpetersham,Paul Cook,2019-05-02 20:54:21 UTC,2026-02-19 10:57:25 UTC,research,CC-BY,https://www.inaturalist.org/observations/24396279,https://inaturalist-open-data.s3.amazonaws.com/photos/37722203/medium.jpg,NA,NA,NA,1,0,false,3,"Richmond Park, Richmond, England, GB",51.4336283333,-0.3000283333,1445,NA,NA,NA,1445,NA,NA,false,NA,NA,NA,Nomada goodeniana,Gooden's Nomad Bee,Insecta,127759,NA,No,london,2019,london_19.csv
24400450,d4f8bde3-02e9-4bed-a6f5-32ff170e0459,Fri Apr 26 2019 12:47:10 GMT+0100 (GMT+1),2019-04-26,2019-04-26 10:47:10 UTC,Amsterdam,353381,wildhamandpetersham,Paul Cook,2019-05-02 22:08:57 UTC,2026-02-19 10:51:08 UTC,research,CC-BY,https://www.inaturalist.org/observations/24400450,https://inaturalist-open-data.s3.amazonaws.com/photos/37729834/medium.jpg,NA,NA,NA,2,0,false,3,"129–139 Wigley Road, Feltham, England, GB",51.448025,-0.390895,5,NA,NA,NA,5,NA,NA,false,NA,NA,NA,Bombus pascuorum,Common Carder Bee,Insecta,55637,Lamium album,Yes,london,2019,london_19.csv
24454379,8e0283f3-b629-4653-89d4-e9bcdafd8bc8,Fri Apr 26 2019 12:46:45 GMT+0100 (GMT+1),2019-04-26,2019-04-26 10:46:45 UTC,Amsterdam,353381,wildhamandpetersham,Paul Cook,2019-05-03 17:57:37 UTC,2026-02-19 10:54:32 UTC,research,CC-BY,https://www.inaturalist.org/observations/24454379,https://inaturalist-open-data.s3.amazonaws.com/photos/37811829/medium.jpg,NA,NA,NA,1,0,false,3,"129–139 Wigley Road, Feltham, England, GB",51.448025,-0.3908666667,5,NA,NA,NA,5,NA,NA,false,NA,NA,NA,Anthophora plumipes,Hairy-footed Flower Bee,Insecta,124542,Lamium,Yes,london,2019,london_19.csv
165851533,e60dc21a-2c32-409a-888f-ddc7c3191155,2019/04/27 1:07 PM,2019-04-27,2019-04-27 12:07:00 UTC,London,1493410,carolineef,Caroline Farrow,2023-06-06 05:18:11 UTC,2026-02-19 10:56:36 UTC,research,CC-BY,https://www.inaturalist.org/observations/165851533,https://inaturalist-open-data.s3.amazonaws.com/photos/287096520/medium.jpg,NA,NA,nor,1,0,false,NA,"London, UK",51.5144500731,-0.3484470544,NA,NA,NA,NA,NA,NA,NA,false,NA,NA,Early Mining Bee,Andrena haemorrhoa,Early Mining Bee,Insecta,69202,NA,No,london,2019,london_19.csv
23124461,60e2671e-72f0-4c1b-9b20-378162d24c02,Fri Apr 26 2019 14:00:28 GMT+0100 (GMT+1),2019-04-26,2019-04-26 12:00:28 UTC,Amsterdam,1557280,robster853,NA,2019-04-26 13:00:31 UTC,2026-02-19 11:02:47 UTC,research,CC-BY-NC,https://www.inaturalist.org/observations/23124461,https://inaturalist-open-data.s3.amazonaws.com/photos/35846985/medium.jpg,NA,NA,NA,2,0,false,3,"BL1, Bolton, England, GB",53.6027621711,-2.4818936829,5,NA,NA,NA,5,NA,NA,false,NA,NA,Common Carder Bee,Bombus pascuorum,Common Carder Bee,Insecta,55637,Vaccinium,Yes,manchester,2019,manchester_19.csv
23359811,ec2de6b4-e2f5-4317-8c62-75358d996fa7,Fri Apr 26 2019 12:25:20 GMT+0100 (GMT+1),2019-04-26,2019-04-26 10:25:20 UTC,Amsterdam,1669508,k_mccartney,Karen McCartney,2019-04-27 13:41:47 UTC,2026-02-19 11:06:50 UTC,research,NA,https://www.inaturalist.org/observations/23359811,https://static.inaturalist.org/photos/36186675/medium.jpg,NA,NA,Terrible pictures but it was B hortorum. Banding on the back of the thorax as well as the front thoracic band and a third yellow band on the abdomen.,1,0,false,3,"Whitworth Park, Manchester, England, GB",53.4601115361,-2.2307560823,18,NA,NA,NA,18,NA,NA,false,NA,NA,Garden Bumble Bee,Bombus hortorum,Garden Bumble Bee,Insecta,121989,NA,Yes,manchester,2019,manchester_19.csv
23360173,e18259e0-02ad-4e23-813f-8bbff087f30a,Fri Apr 26 2019 12:42:51 GMT+0100 (GMT+1),2019-04-26,2019-04-26 10:42:51 UTC,Amsterdam,1669508,k_mccartney,Karen McCartney,2019-04-27 13:43:53 UTC,2026-02-19 11:08:16 UTC,research,NA,https://www.inaturalist.org/observations/23360173,https://static.inaturalist.org/photos/36187179/medium.jpg,NA,NA,Female,1,0,false,3,"Whitworth Park, Manchester, England, GB",53.4602262043,-2.2306966525,72,NA,NA,NA,72,NA,NA,false,NA,NA,Chocolate Mining Bee,Andrena scotica,Chocolate Mining Bee,Insecta,484528,NA,No,manchester,2019,manchester_19.csv
23596245,f9854d92-e5f9-47b4-91d0-c25444d75f9e,Sun Apr 28 2019 10:40:12 GMT+0100 (GMT+1),2019-04-28,2019-04-28 08:40:12 UTC,Amsterdam,1688695,tntwillboom,NA,2019-04-28 09:40:26 UTC,2026-02-19 11:02:21 UTC,research,CC-BY-NC,https://www.inaturalist.org/observations/23596245,https://inaturalist-open-data.s3.amazonaws.com/photos/36534634/medium.jpg,NA,NA,NA,1,0,false,3,"9 Essex Avenue, Stockport, England, GB",53.4048370756,-2.1856621954,65,NA,NA,NA,65,NA,NA,false,NA,NA,Ackerhummel,Bombus pascuorum,Common Carder Bee,Insecta,55637,Silene,Yes,manchester,2019,manchester_19.csv
23596246,27512e71-2896-4ac9-a694-0ae99e4ef847,Sun Apr 28 2019 10:39:53 GMT+0100 (GMT+1),2019-04-28,2019-04-28 08:39:53 UTC,Amsterdam,1623894,tkelso2308,NA,2019-04-28 09:40:26 UTC,2026-02-19 11:02:09 UTC,research,CC-BY-NC,https://www.inaturalist.org/observations/23596246,https://inaturalist-open-data.s3.amazonaws.com/photos/36534630/medium.jpg,NA,NA,NA,1,0,false,3,"Camco House, 40 Stockport Road, Stockport, England, GB",53.4048598352,-2.1852659573,8,NA,NA,NA,8,NA,NA,false,NA,NA,Ackerhummel,Bombus pascuorum,Common Carder Bee,Insecta,55637,Silene,Yes,manchester,2019,manchester_19.csv
23596264,71bca170-6441-4a12-8387-32f4f91655b8,Sun Apr 28 2019 10:40:05 GMT+0100 (GMT+1),2019-04-28,2019-04-28 08:40:05 UTC,Amsterdam,1647147,homescool,NA,2019-04-28 09:40:37 UTC,2026-02-19 11:01:55 UTC,research,CC-BY-NC,https://www.inaturalist.org/observations/23596264,https://inaturalist-open-data.s3.amazonaws.com/photos/36534662/medium.jpg,NA,NA,NA,1,0,false,3,"9 Essex Avenue, Stockport, England, GB",53.4047411161,-2.1858005917,65,NA,NA,NA,65,NA,NA,false,NA,NA,Ackerhummel,Bombus pascuorum,Common Carder Bee,Insecta,55637,Silene,Yes,manchester,2019,manchester_19.csv
23602409,6ea0abb5-2d51-4cef-bf19-2a20169021fa,2019-04-28 11:47:32 am BST,2019-04-28,2019-04-28 11:47:32 UTC,UTC,1621571,froggly,NA,2019-04-28 10:48:16 UTC,2026-02-18 21:00:03 UTC,research,CC-BY-NC,https://www.inaturalist.org/observations/23602409,https://inaturalist-open-data.s3.amazonaws.com/photos/36543014/medium.jpeg,NA,NA,NA,2,0,false,2,"Manchester, England, GB",53.4088897705,-2.2294445038,NA,NA,NA,NA,NA,NA,NA,false,gps,gps,Western Honey Bee,Apis mellifera,Western Honey Bee,Insecta,47219,NA,No,manchester,2019,manchester_19.csv
23603704,e10ad764-ff21-48e9-92d4-0d7e39de7756,Sun Apr 28 2019 10:06:36 GMT+0100 (GMT+1),2019-04-28,2019-04-28 08:06:36 UTC,Amsterdam,1666175,irisandlily,NA,2019-04-28 11:01:51 UTC,2026-02-19 11:04:17 UTC,research,CC-BY-NC,https://www.inaturalist.org/observations/23603704,https://inaturalist-open-data.s3.amazonaws.com/photos/36544767/medium.jpg,NA,NA,NA,3,0,false,3,"27 Wingate Drive, Manchester, England, GB",53.5530202438,-2.298873494,38,NA,NA,NA,38,NA,NA,false,NA,NA,Tree Bumble Bee,Bombus hypnorum,Tree Bumble Bee,Insecta,61803,NA,No,manchester,2019,manchester_19.csv
23607852,2911cc17-72f1-420c-81da-6168a5ac0af6,2019-04-28 12:39:21 pm BST,2019-04-28,2019-04-28 12:39:21 UTC,UTC,1621571,froggly,NA,2019-04-28 11:45:11 UTC,2026-02-19 11:05:53 UTC,research,CC-BY-NC,https://www.inaturalist.org/observations/23607852,https://inaturalist-open-data.s3.amazonaws.com/photos/36550918/medium.jpeg,NA,NA,NA,1,0,false,2,"16-18 Stenner Ln, Manchester M20 2RQ, UK",53.4094429016,-2.231944561,NA,NA,NA,NA,NA,NA,NA,false,gps,gps,Wald-Kuckuckshummel,Bombus sylvestris,Forest Cuckoo Bumble bee,Insecta,127736,NA,No,manchester,2019,manchester_19.csv
23611319,7fb27158-8476-486e-a7e6-7f66a2552ec3,Sun Apr 28 2019 11:12:54 GMT+0100 (GMT+1),2019-04-28,2019-04-28 09:12:54 UTC,Amsterdam,1499721,jennifermarian,NA,2019-04-28 12:16:48 UTC,2026-02-19 11:06:34 UTC,research,CC-BY-NC,https://www.inaturalist.org/observations/23611319,https://inaturalist-open-data.s3.amazonaws.com/photos/36556173/medium.jpg,NA,NA,NA,2,0,false,3,"Fletcher Moss Park and Parsonage Gardens, Manchester, England, GB",53.4084083333,-2.2295116667,5,NA,NA,NA,5,NA,NA,false,NA,NA,Ashy Mining Bee,Andrena cineraria,Ashy Mining Bee,Insecta,70400,NA,No,manchester,2019,manchester_19.csv
23643065,e86da2a3-dcd1-4ef8-900f-396d600e01e4,Sun Apr 28 2019 15:17:39 GMT+0100 (GMT+1),2019-04-28,2019-04-28 13:17:39 UTC,Amsterdam,1666175,irisandlily,NA,2019-04-28 15:09:41 UTC,2026-02-22 14:33:04 UTC,research,CC-BY-NC,https://www.inaturalist.org/observations/23643065,https://inaturalist-open-data.s3.amazonaws.com/photos/36598545/medium.jpg,NA,NA,NA,2,0,false,3,"Red Rock Lane, Manchester, England, GB",53.5368833058,-2.3423900085,76,NA,NA,NA,76,NA,NA,false,NA,NA,Western Honey Bee,Apis mellifera,Western Honey Bee,Insecta,47219,Malus,Yes,manchester,2019,manchester_19.csv
23657065,b62d14bb-5add-4681-811b-50bb45c8ccc2,Sun Apr 28 2019 17:03:06 GMT+0100 (GMT+1),2019-04-28,2019-04-28 15:03:06 UTC,Amsterdam,1689948,jonk179,NA,2019-04-28 16:04:00 UTC,2026-02-18 20:59:40 UTC,research,CC-BY-NC,https://www.inaturalist.org/observations/23657065,https://inaturalist-open-data.s3.amazonaws.com/photos/36618327/medium.jpg,NA,NA,NA,1,0,false,3,"183 Wardle Road, Rochdale, England, GB",53.6430247268,-2.1365225595,50,NA,NA,NA,50,NA,NA,false,NA,NA,Western Honey Bee,Apis mellifera,Western Honey Bee,Insecta,47219,NA,No,manchester,2019,manchester_19.csv
23658664,31610592-5a24-4fba-a58f-6f57ddff3e1c,Sun Apr 28 2019 17:09:38 GMT+0100 (GMT+1),2019-04-28,2019-04-28 15:09:38 UTC,Amsterdam,1688605,florrie_walkers,NA,2019-04-28 16:10:12 UTC,2026-02-22 14:33:47 UTC,research,CC-BY-NC,https://www.inaturalist.org/observations/23658664,https://inaturalist-open-data.s3.amazonaws.com/photos/36620339/medium.jpg,NA,NA,NA,1,0,false,3,"Cringle Fields Park, Manchester, England, GB",53.4352556197,-2.1891157329,5,NA,NA,NA,5,NA,NA,false,NA,NA,Tree Bumble Bee,Bombus hypnorum,Tree Bumble Bee,Insecta,61803,Sorbus,Yes,manchester,2019,manchester_19.csv
23667251,d81e6cd6-31a3-4186-8f1a-e7930b673e36,2019-04-28 4:32:00 pm BST,2019-04-28,2019-04-28 16:32:00 UTC,UTC,1688940,nafona,NA,2019-04-28 16:39:41 UTC,2026-02-19 11:05:16 UTC,research,CC-BY-NC,https://www.inaturalist.org/observations/23667251,https://inaturalist-open-data.s3.amazonaws.com/photos/36631759/medium.jpeg,NA,NA,NA,4,0,false,2,"Gib Ln, Wythenshawe, Manchester, UK",53.40072952,-2.2733924165,9,NA,NA,NA,9,NA,open,false,gps,gps,Tawny Mining Bee,Andrena fulva,Tawny Mining Bee,Insecta,60579,NA,No,manchester,2019,manchester_19.csv
23667878,0a60499a-bfa5-4295-988d-797766a3264f,Sun Apr 28 2019 17:40:27 GMT+0100 (GMT+1),2019-04-28,2019-04-28 15:40:27 UTC,Amsterdam,1688605,florrie_walkers,NA,2019-04-28 16:41:50 UTC,2026-02-19 11:01:31 UTC,research,CC-BY-NC,https://www.inaturalist.org/observations/23667878,https://inaturalist-open-data.s3.amazonaws.com/photos/36632657/medium.jpg,NA,NA,NA,1,0,false,3,"Cringle Fields Park, Stockport, England, GB",53.4356725775,-2.1921226569,5,NA,NA,NA,5,NA,NA,false,NA,NA,Common Carder Bee,Bombus pascuorum,Common Carder Bee,Insecta,55637,Taraxacum,Yes,manchester,2019,manchester_19.csv
23676699,6f28b180-7397-4f99-858c-e9fb77be768d,2019-04-28 6:11:19 pm BST,2019-04-28,2019-04-28 18:11:19 UTC,UTC,1570950,jo131,Jo Fraser,2019-04-28 17:12:28 UTC,2026-02-19 11:03:54 UTC,research,NA,https://www.inaturalist.org/observations/23676699,https://static.inaturalist.org/photos/36644952/medium.jpeg,NA,NA,White-tailed?,2,0,false,2,"57 Alness Rd, Manchester M16 8HW, UK",53.4465647,-2.2541165,19,NA,NA,NA,19,NA,NA,false,NA,NA,Tree Bumble Bee,Bombus hypnorum,Tree Bumble Bee,Insecta,61803,Centaurea,Yes,manchester,2019,manchester_19.csv
23688652,517b66e3-dfd3-4b97-9e3b-8f8af5ba328f,Sun Apr 28 2019 12:39:03 GMT+0100 (GMT+1),2019-04-28,2019-04-28 10:39:03 UTC,Amsterdam,1691696,sza,NA,2019-04-28 17:56:56 UTC,2026-02-19 11:05:46 UTC,research,CC-BY-NC,https://www.inaturalist.org/observations/23688652,https://inaturalist-open-data.s3.amazonaws.com/photos/36662184/medium.jpg,NA,NA,NA,1,0,false,3,"Fletcher Moss Park and Parsonage Gardens, Manchester, England, GB",53.4089106408,-2.232691601,395,NA,NA,NA,395,NA,NA,false,NA,NA,Forest Cuckoo-bee,Bombus sylvestris,Forest Cuckoo Bumble bee,Insecta,127736,NA,No,manchester,2019,manchester_19.csv
23750005,4c298821-ab55-4e08-a3c0-489954de7ffe,2019-04-28 9:46:37 am BST,2019-04-28,2019-04-28 08:46:37 UTC,Dublin,740663,stuartfraser,Stuart Fraser,2019-04-28 21:53:07 UTC,2026-02-19 11:01:16 UTC,research,CC-BY,https://www.inaturalist.org/observations/23750005,https://inaturalist-open-data.s3.amazonaws.com/photos/36751995/medium.jpeg,NA,NA,Queen on dead nettle,1,0,false,2,"16 Waterford Ave, Manchester M20 2ZN, UK",53.4178218376,-2.2552140802,263,NA,NA,NA,263,NA,NA,false,gps,gps,Common Carder Bee,Bombus pascuorum,Common Carder Bee,Insecta,55637,Lamium album,Yes,manchester,2019,manchester_19.csv
23867342,f9f8ff5a-04f8-4edb-b615-8c35cbeacb9e,2019-04-28 2:32:07 pm BST,2019-04-28,2019-04-28 14:32:07 UTC,UTC,1681995,hannahchalk,hannah chalk,2019-04-29 06:59:54 UTC,2026-02-22 14:34:05 UTC,research,NA,https://www.inaturalist.org/observations/23867342,https://static.inaturalist.org/photos/36930932/medium.jpeg,NA,NA,NA,2,0,false,2,southern allotments,53.433544,-2.253512,NA,NA,NA,NA,NA,NA,NA,false,NA,NA,Western Honey Bee,Apis mellifera,Western Honey Bee,Insecta,47219,Malus,Yes,manchester,2019,manchester_19.csv
23867599,9b29b5c9-59dd-4769-89d5-6e150c8f686b,2019-04-28 2:21:04 pm BST,2019-04-28,2019-04-28 14:21:04 UTC,UTC,1681995,hannahchalk,hannah chalk,2019-04-29 07:02:44 UTC,2026-02-19 11:05:10 UTC,research,NA,https://www.inaturalist.org/observations/23867599,https://static.inaturalist.org/photos/36931345/medium.jpeg,NA,NA,NA,2,0,false,2,southern allotments,53.43357,-2.253619,NA,NA,NA,NA,NA,NA,open,false,NA,NA,Tawny Mining Bee,Andrena fulva,Tawny Mining Bee,Insecta,60579,NA,No,manchester,2019,manchester_19.csv
23867849,ee3db563-dda8-4e6a-8f76-69a0948046f7,2019-04-28 2:10:11 pm BST,2019-04-28,2019-04-28 14:10:11 UTC,UTC,1681995,hannahchalk,hannah chalk,2019-04-29 07:05:40 UTC,2026-02-22 14:35:03 UTC,research,NA,https://www.inaturalist.org/observations/23867849,https://static.inaturalist.org/photos/36931713/medium.jpeg,NA,NA,NA,3,0,false,2,southern allotments,53.433544,-2.253533,NA,NA,NA,NA,NA,NA,NA,false,NA,NA,Western Honey Bee,Apis mellifera,Western Honey Bee,Insecta,47219,Fragaria,Yes,manchester,2019,manchester_19.csv
23868474,9673be7e-d0f8-4b20-be77-6a2311cea0d3,2019-04-28 2:09:26 pm BST,2019-04-28,2019-04-28 14:09:26 UTC,UTC,1681995,hannahchalk,hannah chalk,2019-04-29 07:11:40 UTC,2026-02-22 14:36:10 UTC,research,NA,https://www.inaturalist.org/observations/23868474,https://static.inaturalist.org/photos/36932494/medium.jpeg,NA,NA,NA,2,0,false,2,southern allotments,53.433519,-2.253533,NA,NA,NA,NA,NA,NA,NA,false,NA,NA,Western Honey Bee,Apis mellifera,Western Honey Bee,Insecta,47219,Fragaria,Yes,manchester,2019,manchester_19.csv
23868560,4460c955-787c-4558-895d-9dbdb3c99b3e,2019-04-28 2:08:44 pm BST,2019-04-28,2019-04-28 14:08:44 UTC,UTC,1681995,hannahchalk,hannah chalk,2019-04-29 07:12:37 UTC,2026-02-22 14:36:30 UTC,research,NA,https://www.inaturalist.org/observations/23868560,https://static.inaturalist.org/photos/36932638/medium.jpeg,NA,NA,NA,2,0,false,2,southern allotments,53.433621,-2.253426,NA,NA,NA,NA,NA,NA,NA,false,NA,NA,Common Carder Bee,Bombus pascuorum,Common Carder Bee,Insecta,55637,Fragaria,Yes,manchester,2019,manchester_19.csv
23898162,478e2d10-d854-408c-aedc-402bef804761,Mon Apr 29 2019 13:18:41 GMT+0100 (GMT+1),2019-04-29,2019-04-29 11:18:41 UTC,Amsterdam,1656525,effie_rose,NA,2019-04-29 12:18:56 UTC,2026-02-18 20:58:54 UTC,research,CC-BY-NC,https://www.inaturalist.org/observations/23898162,https://inaturalist-open-data.s3.amazonaws.com/photos/36974597/medium.jpg,NA,NA,NA,3,0,false,3,"Stamford Park, Altrincham, England, GB",53.385141017,-2.3423032276,5,NA,NA,NA,5,NA,NA,false,NA,NA,Western Honey Bee,Apis mellifera,Western Honey Bee,Insecta,47219,NA,No,manchester,2019,manchester_19.csv
23901804,aba1ff2f-f21a-4fbe-aca6-59d88e281994,2019-04-29 1:45:57 pm BST,2019-04-29,2019-04-29 13:45:57 UTC,UTC,1696588,lindsey142,Lindsey Loughtman,2019-04-29 12:46:52 UTC,2026-02-19 11:06:16 UTC,research,NA,https://www.inaturalist.org/observations/23901804,https://static.inaturalist.org/photos/36979755/medium.jpeg,NA,NA,NA,2,0,false,2,"John Owens Building, Manchester M13 9NR, UK",53.4653216,-2.2347237,19,NA,NA,NA,19,NA,NA,false,NA,NA,Red Mason Bee,Osmia bicornis,Red Mason Bee,Insecta,876599,NA,Yes,manchester,2019,manchester_19.csv
23931481,412ff9af-fa72-4a70-bc9a-ecf04841154a,Mon Apr 29 2019 11:59:49 GMT+0100 (GMT+1),2019-04-29,2019-04-29 09:59:49 UTC,Amsterdam,1669508,k_mccartney,Karen McCartney,2019-04-29 14:59:38 UTC,2026-02-19 11:00:00 UTC,research,NA,https://www.inaturalist.org/observations/23931481,https://static.inaturalist.org/photos/37021213/medium.jpg,NA,NA,NA,1,0,false,3,"5 Craston Road, Manchester, England, GB",53.4495486925,-2.206869442,10,NA,NA,NA,10,NA,NA,false,NA,NA,Western Honey Bee,Apis mellifera,Western Honey Bee,Insecta,47219,Ceanothus,Yes,manchester,2019,manchester_19.csv
23951743,08b5e25c-40fe-4cf4-901f-af7d72e25ee6,Mon Apr 29 2019 16:29:25 GMT+0100 (GMT+1),2019-04-29,2019-04-29 14:29:25 UTC,Amsterdam,1669508,k_mccartney,Karen McCartney,2019-04-29 16:15:23 UTC,2026-02-19 11:06:10 UTC,research,NA,https://www.inaturalist.org/observations/23951743,https://static.inaturalist.org/photos/37050735/medium.jpg,NA,NA,NA,1,0,false,3,"7 Craston Road, Manchester, England, GB",53.4495082373,-2.2067974112,305,NA,NA,NA,305,NA,NA,false,NA,NA,Red Mason Bee,Osmia bicornis,Red Mason Bee,Insecta,876599,NA,No,manchester,2019,manchester_19.csv
23951983,0c32a18c-ff53-4b5a-8b0a-140228f563e7,Mon Apr 29 2019 16:35:34 GMT+0100 (GMT+1),2019-04-29,2019-04-29 14:35:34 UTC,Amsterdam,1669508,k_mccartney,Karen McCartney,2019-04-29 16:16:13 UTC,2026-02-19 11:08:04 UTC,research,NA,https://www.inaturalist.org/observations/23951983,https://static.inaturalist.org/photos/37051024/medium.jpg,NA,NA,NA,1,0,false,3,"5 Craston Road, Manchester, England, GB",53.449570731,-2.2068647719,305,NA,NA,NA,305,NA,NA,false,NA,NA,Early Bumble Bee,Bombus pratorum,Early Bumble Bee,Insecta,124910,Geranium robertianum,Yes,manchester,2019,manchester_19.csv
24015042,490a88d5-04af-4934-9204-aef66fe55dba,2019-04-29 10:07:15 am BST,2019-04-29,2019-04-29 10:07:15 UTC,UTC,1297023,rachel467,Rachel Webster,2019-04-29 20:28:37 UTC,2026-02-19 11:04:51 UTC,research,CC0,https://www.inaturalist.org/observations/24015042,https://inaturalist-open-data.s3.amazonaws.com/photos/37164986/medium.jpeg,NA,NA,NA,1,0,false,2,"Schuster Building, Manchester M13, UK",53.4668235779,-2.2303206921,NA,NA,NA,NA,NA,NA,NA,false,gps,gps,Red-tailed Bumble Bee,Bombus lapidarius,Red-tailed Bumble Bee,Insecta,57619,Ajuga,Yes,manchester,2019,manchester_19.csv
24041765,b303cd30-fe3f-4ad5-842a-e76e2d397456,2019/04/29 9:30 AM UTC,2019-04-29,NA,UTC,1297023,rachel467,Rachel Webster,2019-04-29 22:08:14 UTC,2026-02-19 11:03:08 UTC,research,NA,https://www.inaturalist.org/observations/24041765,https://inaturalist-open-data.s3.amazonaws.com/photos/37181463/medium.jpg,NA,NA,sdr,1,0,false,NA,"Greater Manchester, UK",53.4679985044,-2.2080607414,NA,NA,NA,NA,NA,NA,NA,false,NA,NA,Tree Bumble Bee,Bombus hypnorum,Tree Bumble Bee,Insecta,61803,NA,No,manchester,2019,manchester_19.csv
24201587,38b714c6-605c-45f4-a256-ec690ace9792,Mon Apr 29 2019 14:56:58 GMT+0100 (GMT+1),2019-04-29,2019-04-29 12:56:58 UTC,Amsterdam,1666175,irisandlily,NA,2019-04-30 17:47:29 UTC,2026-02-19 11:04:40 UTC,research,CC-BY-NC,https://www.inaturalist.org/observations/24201587,https://inaturalist-open-data.s3.amazonaws.com/photos/37424375/medium.jpg,NA,NA,Ashton’s Fueld,1,0,false,3,"Clegg's Lane, Manchester, England, GB",53.5372215382,-2.4108634103,34,NA,NA,NA,34,NA,NA,false,NA,NA,Large Red-tailed Bumble Bee,Bombus lapidarius,Red-tailed Bumble Bee,Insecta,57619,Taraxacum,Yes,manchester,2019,manchester_19.csv
